id,quantity,unit_price,order_status,payment_method,product_id,customer_id,review_id,order_date
ORD10000,3,229.00,Pending,"Credit Card",PROD108,CUST2353,REV20000,2023-07-13
ORD10001,4,59.00,Pending,PayPal,PROD103,CUST4463,REV20001,2024-08-12
ORD10002,2,59.00,Delivered,"Cash on Delivery",PROD111,CUST4512,REV20002,2024-08-04
ORD10003,4,399.00,Delivered,"Cash on Delivery",PROD107,CUST5711,REV20003,2025-05-23
ORD10004,1,110.00,Returned,"Cash on Delivery",PROD105,CUST1296,REV20004,2023-07-02
ORD10005,5,229.00,Returned,PayPal,PROD108,CUST2790,REV20005,2023-04-13
ORD10006,1,99.00,Returned,"Credit Card",PROD106,CUST2442,REV20006,2023-12-31
ORD10007,2,59.00,Pending,"Credit Card",PROD103,CUST2451,REV20007,2024-01-29
ORD10008,5,199.00,Shipped,"Credit Card",PROD102,CUST2364,REV20008,2022-11-30
ORD10009,4,399.00,Cancelled,PayPal,PROD107,CUST4713,REV20009,2025-05-16
ORD10010,4,399.00,Returned,"Credit Card",PROD107,CUST1469,REV20010,2024-04-24
ORD10011,2,149.00,Returned,"Credit Card",PROD113,CUST5953,REV20011,2025-01-15
ORD10012,1,129.00,Shipped,"Credit Card",PROD109,CUST1438,REV20012,2024-05-15
ORD10013,2,999.00,Delivered,"Credit Card",PROD100,CUST2488,REV20013,2023-11-22
ORD10014,4,199.00,Cancelled,"Credit Card",PROD112,CUST1413,REV20014,2024-05-30
ORD10015,1,110.00,Shipped,"Credit Card",PROD105,CUST2160,REV20015,2023-03-30
ORD10016,5,129.00,Cancelled,"Credit Card",PROD109,CUST3830,REV20016,2025-05-22
ORD10017,2,149.00,Delivered,PayPal,PROD113,CUST4174,REV20017,2022-12-29
ORD10018,1,80.00,Delivered,"Cash on Delivery",PROD110,CUST3281,REV20018,2022-08-31
ORD10019,3,229.00,Cancelled,"Cash on Delivery",PROD108,CUST3410,REV20019,2024-10-21
ORD10020,4,199.00,Pending,"Cash on Delivery",PROD112,CUST3147,REV20020,2024-06-02
ORD10021,5,199.00,Returned,PayPal,PROD112,CUST4051,REV20021,2025-07-20
ORD10022,4,120.00,Delivered,PayPal,PROD104,CUST1089,REV20022,2022-12-06
ORD10023,2,129.00,Pending,"Cash on Delivery",PROD109,CUST2314,REV20023,2023-02-17
ORD10024,2,999.00,Pending,"Cash on Delivery",PROD100,CUST5205,REV20024,2024-09-11
ORD10025,3,110.00,Pending,"Cash on Delivery",PROD105,CUST2997,REV20025,2024-05-21
ORD10026,1,129.00,Returned,"Cash on Delivery",PROD109,CUST2945,REV20026,2022-11-15
ORD10027,3,899.00,Shipped,"Cash on Delivery",PROD101,CUST3650,REV20027,2023-05-28
ORD10028,5,229.00,Pending,"Credit Card",PROD108,CUST5755,REV20028,2023-12-26
ORD10029,5,199.00,Cancelled,"Credit Card",PROD102,CUST2895,REV20029,2024-12-31
ORD10030,1,899.00,Returned,PayPal,PROD101,CUST3589,REV20030,2023-12-01
ORD10031,4,399.00,Returned,PayPal,PROD107,CUST5161,REV20031,2024-08-16
ORD10032,4,110.00,Cancelled,"Credit Card",PROD105,CUST2370,REV20032,2023-05-08
ORD10033,3,129.00,Returned,"Credit Card",PROD109,CUST4430,REV20033,2024-03-07
ORD10034,4,899.00,Returned,"Cash on Delivery",PROD101,CUST3021,REV20034,2025-06-07
ORD10035,3,149.00,Cancelled,PayPal,PROD113,CUST1182,REV20035,2022-12-11
ORD10036,1,199.00,Delivered,"Cash on Delivery",PROD102,CUST4791,REV20036,2023-02-14
ORD10037,2,999.00,Returned,PayPal,PROD100,CUST3310,REV20037,2025-02-11
ORD10038,4,999.00,Cancelled,"Credit Card",PROD100,CUST3661,REV20038,2024-04-29
ORD10039,3,120.00,Shipped,PayPal,PROD104,CUST1500,REV20039,2025-05-22
ORD10040,5,59.00,Pending,"Credit Card",PROD103,CUST5684,REV20040,2025-05-27
ORD10041,4,129.00,Shipped,PayPal,PROD109,CUST1186,REV20041,2023-07-26
ORD10042,2,99.00,Pending,"Cash on Delivery",PROD106,CUST1241,REV20042,2023-12-16
ORD10043,4,229.00,Returned,PayPal,PROD108,CUST4082,REV20043,2025-01-05
ORD10044,1,59.00,Delivered,"Cash on Delivery",PROD103,CUST3728,REV20044,2023-03-18
ORD10045,1,199.00,Returned,"Cash on Delivery",PROD112,CUST1742,REV20045,2023-04-26
ORD10046,1,899.00,Pending,"Cash on Delivery",PROD101,CUST3349,REV20046,2025-02-26
ORD10047,3,199.00,Cancelled,"Credit Card",PROD112,CUST4751,REV20047,2024-12-28
ORD10048,1,80.00,Returned,"Credit Card",PROD110,CUST2954,REV20048,2023-11-10
ORD10049,2,59.00,Delivered,"Credit Card",PROD103,CUST4905,REV20049,2025-03-17
ORD10050,5,399.00,Pending,"Cash on Delivery",PROD107,CUST4613,REV20050,2025-01-03
ORD10051,2,229.00,Returned,"Cash on Delivery",PROD108,CUST1209,REV20051,2023-06-14
ORD10052,1,229.00,Cancelled,PayPal,PROD108,CUST5685,REV20052,2023-05-07
ORD10053,5,59.00,Pending,"Credit Card",PROD111,CUST2016,REV20053,2023-09-04
ORD10054,5,199.00,Pending,"Cash on Delivery",PROD102,CUST5282,REV20054,2025-06-10
ORD10055,5,999.00,Delivered,"Credit Card",PROD100,CUST5144,REV20055,2025-02-09
ORD10056,2,199.00,Shipped,"Cash on Delivery",PROD112,CUST2871,REV20056,2025-08-15
ORD10057,2,229.00,Returned,"Credit Card",PROD108,CUST4853,REV20057,2024-02-07
ORD10058,4,110.00,Pending,"Cash on Delivery",PROD105,CUST3810,REV20058,2024-10-21
ORD10059,2,999.00,Delivered,"Credit Card",PROD100,CUST4294,REV20059,2023-05-10
ORD10060,3,399.00,Returned,"Credit Card",PROD107,CUST3033,REV20060,2024-06-17
ORD10061,4,199.00,Shipped,"Cash on Delivery",PROD112,CUST3784,REV20061,2025-02-03
ORD10062,1,80.00,Returned,"Credit Card",PROD110,CUST2808,REV20062,2023-07-17
ORD10063,2,25.00,Pending,PayPal,PROD114,CUST2357,REV20063,2023-05-02
ORD10064,3,199.00,Delivered,"Credit Card",PROD102,CUST2617,REV20064,2023-03-08
ORD10065,1,99.00,Delivered,"Cash on Delivery",PROD106,CUST4265,REV20065,2024-11-08
ORD10066,4,110.00,Pending,PayPal,PROD105,CUST3414,REV20066,2022-11-05
ORD10067,2,149.00,Pending,"Cash on Delivery",PROD113,CUST3933,REV20067,2024-04-19
ORD10068,5,149.00,Returned,"Cash on Delivery",PROD113,CUST3963,REV20068,2024-07-27
ORD10069,2,59.00,Pending,"Credit Card",PROD103,CUST3029,REV20069,2025-01-22
ORD10070,3,110.00,Pending,"Cash on Delivery",PROD105,CUST2383,REV20070,2024-03-10
ORD10071,3,149.00,Returned,"Cash on Delivery",PROD113,CUST1138,REV20071,2022-10-05
ORD10072,4,99.00,Cancelled,"Cash on Delivery",PROD106,CUST4400,REV20072,2023-08-01
ORD10073,3,199.00,Shipped,PayPal,PROD102,CUST1693,REV20073,2024-05-02
ORD10074,5,110.00,Returned,"Cash on Delivery",PROD105,CUST1371,REV20074,2022-10-06
ORD10075,1,199.00,Cancelled,PayPal,PROD112,CUST5445,REV20075,2023-11-25
ORD10076,2,110.00,Shipped,"Credit Card",PROD105,CUST1539,REV20076,2025-08-21
ORD10077,3,59.00,Cancelled,"Credit Card",PROD103,CUST1892,REV20077,2025-06-14
ORD10078,3,59.00,Pending,PayPal,PROD103,CUST5088,REV20078,2023-04-07
ORD10079,3,229.00,Returned,"Credit Card",PROD108,CUST3422,REV20079,2025-07-09
ORD10080,5,59.00,Returned,"Credit Card",PROD111,CUST2079,REV20080,2023-02-10
ORD10081,4,129.00,Returned,"Cash on Delivery",PROD109,CUST1624,REV20081,2023-03-27
ORD10082,2,229.00,Delivered,PayPal,PROD108,CUST4048,REV20082,2025-03-04
ORD10083,2,120.00,Shipped,"Cash on Delivery",PROD104,CUST2089,REV20083,2023-10-09
ORD10084,2,59.00,Delivered,"Cash on Delivery",PROD103,CUST4354,REV20084,2023-04-05
ORD10085,2,899.00,Pending,"Cash on Delivery",PROD101,CUST5300,REV20085,2023-06-21
ORD10086,4,129.00,Returned,PayPal,PROD109,CUST3660,REV20086,2025-07-30
ORD10087,4,899.00,Shipped,"Credit Card",PROD101,CUST5297,REV20087,2022-09-25
ORD10088,2,120.00,Cancelled,"Cash on Delivery",PROD104,CUST4458,REV20088,2025-07-21
ORD10089,3,149.00,Pending,"Cash on Delivery",PROD113,CUST2896,REV20089,2025-08-13
ORD10090,2,199.00,Returned,PayPal,PROD102,CUST3739,REV20090,2025-08-12
ORD10091,5,199.00,Delivered,"Credit Card",PROD102,CUST1832,REV20091,2023-09-14
ORD10092,4,25.00,Cancelled,PayPal,PROD114,CUST1647,REV20092,2024-01-09
ORD10093,2,149.00,Returned,"Credit Card",PROD113,CUST1807,REV20093,2023-07-07
ORD10094,3,120.00,Pending,"Credit Card",PROD104,CUST4296,REV20094,2023-12-30
ORD10095,3,110.00,Shipped,"Credit Card",PROD105,CUST1254,REV20095,2024-06-30
ORD10096,2,25.00,Shipped,"Credit Card",PROD114,CUST1033,REV20096,2023-07-10
ORD10097,1,59.00,Returned,"Credit Card",PROD103,CUST1698,REV20097,2024-05-03
ORD10098,5,899.00,Cancelled,"Credit Card",PROD101,CUST2386,REV20098,2024-12-28
ORD10099,1,80.00,Shipped,PayPal,PROD110,CUST3511,REV20099,2024-10-19
ORD10100,2,399.00,Shipped,"Cash on Delivery",PROD107,CUST4247,REV20100,2023-01-27
ORD10101,1,399.00,Pending,"Credit Card",PROD107,CUST1711,REV20101,2024-08-24
ORD10102,1,199.00,Returned,"Credit Card",PROD112,CUST4202,REV20102,2025-05-17
ORD10103,2,59.00,Cancelled,"Credit Card",PROD111,CUST2644,REV20103,2023-12-21
ORD10104,5,120.00,Shipped,"Cash on Delivery",PROD104,CUST4536,REV20104,2022-09-20
ORD10105,1,229.00,Delivered,"Credit Card",PROD108,CUST4165,REV20105,2024-08-10
ORD10106,4,25.00,Cancelled,"Credit Card",PROD114,CUST1925,REV20106,2023-10-06
ORD10107,4,59.00,Returned,PayPal,PROD103,CUST4417,REV20107,2024-07-19
ORD10108,1,25.00,Delivered,"Credit Card",PROD114,CUST2226,REV20108,2023-01-11
ORD10109,2,80.00,Shipped,"Credit Card",PROD110,CUST3865,REV20109,2023-11-07
ORD10110,5,899.00,Cancelled,PayPal,PROD101,CUST4945,REV20110,2023-04-02
ORD10111,4,59.00,Shipped,"Cash on Delivery",PROD103,CUST2427,REV20111,2024-11-02
ORD10112,1,199.00,Pending,"Cash on Delivery",PROD102,CUST4196,REV20112,2024-06-29
ORD10113,3,59.00,Delivered,PayPal,PROD103,CUST3804,REV20113,2024-06-13
ORD10114,2,229.00,Shipped,PayPal,PROD108,CUST4589,REV20114,2023-08-01
ORD10115,2,25.00,Returned,"Credit Card",PROD114,CUST4582,REV20115,2025-06-04
ORD10116,1,80.00,Cancelled,PayPal,PROD110,CUST5308,REV20116,2024-01-09
ORD10117,2,199.00,Shipped,PayPal,PROD112,CUST5920,REV20117,2025-03-14
ORD10118,1,899.00,Pending,"Credit Card",PROD101,CUST5795,REV20118,2023-03-19
ORD10119,3,149.00,Delivered,PayPal,PROD113,CUST1585,REV20119,2023-04-05
ORD10120,4,59.00,Cancelled,"Cash on Delivery",PROD103,CUST4058,REV20120,2025-07-15
ORD10121,3,80.00,Cancelled,PayPal,PROD110,CUST1287,REV20121,2023-08-01
ORD10122,3,120.00,Shipped,"Cash on Delivery",PROD104,CUST3404,REV20122,2023-07-25
ORD10123,1,899.00,Pending,"Cash on Delivery",PROD101,CUST4226,REV20123,2024-03-04
ORD10124,1,80.00,Pending,"Cash on Delivery",PROD110,CUST5542,REV20124,2024-05-08
ORD10125,2,110.00,Pending,PayPal,PROD105,CUST4004,REV20125,2025-06-14
ORD10126,4,199.00,Delivered,PayPal,PROD102,CUST1197,REV20126,2025-02-20
ORD10127,4,999.00,Shipped,"Credit Card",PROD100,CUST4677,REV20127,2023-04-23
ORD10128,1,999.00,Pending,PayPal,PROD100,CUST4076,REV20128,2023-08-23
ORD10129,3,999.00,Pending,"Cash on Delivery",PROD100,CUST4734,REV20129,2025-05-15
ORD10130,5,899.00,Returned,PayPal,PROD101,CUST2380,REV20130,2024-08-26
ORD10131,2,110.00,Shipped,"Cash on Delivery",PROD105,CUST2688,REV20131,2023-10-10
ORD10132,2,59.00,Pending,"Credit Card",PROD103,CUST4943,REV20132,2023-03-16
ORD10133,5,199.00,Cancelled,PayPal,PROD102,CUST1648,REV20133,2024-09-23
ORD10134,3,399.00,Shipped,PayPal,PROD107,CUST1340,REV20134,2024-06-16
ORD10135,2,199.00,Shipped,"Credit Card",PROD112,CUST4603,REV20135,2025-04-16
ORD10136,4,199.00,Cancelled,"Cash on Delivery",PROD112,CUST4267,REV20136,2023-10-28
ORD10137,1,229.00,Cancelled,PayPal,PROD108,CUST1974,REV20137,2024-01-12
ORD10138,5,999.00,Shipped,"Cash on Delivery",PROD100,CUST5305,REV20138,2024-06-12
ORD10139,5,59.00,Returned,PayPal,PROD111,CUST4964,REV20139,2024-06-21
ORD10140,3,229.00,Cancelled,"Credit Card",PROD108,CUST4916,REV20140,2023-10-24
ORD10141,3,199.00,Delivered,"Credit Card",PROD102,CUST2328,REV20141,2025-04-10
ORD10142,4,229.00,Delivered,"Cash on Delivery",PROD108,CUST1192,REV20142,2025-01-30
ORD10143,2,129.00,Pending,"Credit Card",PROD109,CUST5839,REV20143,2024-06-22
ORD10144,3,199.00,Delivered,"Credit Card",PROD102,CUST4245,REV20144,2023-08-13
ORD10145,4,110.00,Delivered,"Credit Card",PROD105,CUST4244,REV20145,2024-12-31
ORD10146,1,59.00,Returned,"Credit Card",PROD103,CUST4733,REV20146,2023-05-18
ORD10147,3,199.00,Delivered,"Credit Card",PROD112,CUST2820,REV20147,2024-11-25
ORD10148,3,899.00,Returned,"Credit Card",PROD101,CUST5014,REV20148,2023-03-11
ORD10149,3,59.00,Pending,"Cash on Delivery",PROD111,CUST1716,REV20149,2025-03-14
ORD10150,4,99.00,Shipped,PayPal,PROD106,CUST1987,REV20150,2025-06-10
ORD10151,5,59.00,Cancelled,"Credit Card",PROD111,CUST4033,REV20151,2024-11-07
ORD10152,3,80.00,Pending,PayPal,PROD110,CUST1292,REV20152,2024-08-05
ORD10153,4,129.00,Shipped,PayPal,PROD109,CUST1200,REV20153,2025-01-28
ORD10154,2,199.00,Delivered,"Cash on Delivery",PROD102,CUST5230,REV20154,2023-02-06
ORD10155,4,899.00,Returned,"Cash on Delivery",PROD101,CUST5498,REV20155,2023-07-04
ORD10156,1,199.00,Returned,"Cash on Delivery",PROD112,CUST3570,REV20156,2023-06-02
ORD10157,1,25.00,Shipped,PayPal,PROD114,CUST3430,REV20157,2023-01-18
ORD10158,5,399.00,Pending,"Credit Card",PROD107,CUST1422,REV20158,2023-04-15
ORD10159,4,199.00,Cancelled,PayPal,PROD112,CUST3247,REV20159,2024-09-15
ORD10160,1,129.00,Cancelled,"Credit Card",PROD109,CUST1148,REV20160,2023-07-24
ORD10161,3,199.00,Pending,"Credit Card",PROD102,CUST4993,REV20161,2023-03-06
ORD10162,1,199.00,Pending,"Credit Card",PROD112,CUST5481,REV20162,2023-05-18
ORD10163,1,99.00,Cancelled,"Credit Card",PROD106,CUST3163,REV20163,2025-01-03
ORD10164,4,129.00,Returned,PayPal,PROD109,CUST2223,REV20164,2023-05-30
ORD10165,1,99.00,Pending,PayPal,PROD106,CUST3450,REV20165,2023-05-18
ORD10166,2,899.00,Delivered,"Credit Card",PROD101,CUST5229,REV20166,2023-08-26
ORD10167,4,399.00,Shipped,"Credit Card",PROD107,CUST4120,REV20167,2024-08-07
ORD10168,4,80.00,Cancelled,PayPal,PROD110,CUST3343,REV20168,2025-01-12
ORD10169,5,229.00,Pending,"Cash on Delivery",PROD108,CUST5255,REV20169,2023-08-10
ORD10170,3,199.00,Shipped,"Cash on Delivery",PROD112,CUST1552,REV20170,2024-04-07
ORD10171,5,110.00,Delivered,"Credit Card",PROD105,CUST5599,REV20171,2025-04-07
ORD10172,5,899.00,Pending,"Cash on Delivery",PROD101,CUST3400,REV20172,2025-04-26
ORD10173,3,99.00,Returned,"Cash on Delivery",PROD106,CUST4387,REV20173,2025-02-20
ORD10174,4,229.00,Shipped,"Cash on Delivery",PROD108,CUST1562,REV20174,2023-05-12
ORD10175,1,80.00,Delivered,"Credit Card",PROD110,CUST5652,REV20175,2022-09-05
ORD10176,4,59.00,Pending,"Credit Card",PROD111,CUST5448,REV20176,2022-11-21
ORD10177,3,120.00,Pending,"Cash on Delivery",PROD104,CUST5125,REV20177,2023-04-22
ORD10178,2,229.00,Shipped,"Credit Card",PROD108,CUST4573,REV20178,2023-10-19
ORD10179,2,59.00,Shipped,PayPal,PROD103,CUST2946,REV20179,2024-09-05
ORD10180,4,149.00,Cancelled,PayPal,PROD113,CUST2644,REV20180,2024-10-17
ORD10181,3,199.00,Returned,PayPal,PROD102,CUST3372,REV20181,2022-11-18
ORD10182,2,129.00,Returned,PayPal,PROD109,CUST5534,REV20182,2022-11-19
ORD10183,3,229.00,Delivered,PayPal,PROD108,CUST5286,REV20183,2025-02-28
ORD10184,4,120.00,Returned,PayPal,PROD104,CUST4941,REV20184,2023-09-19
ORD10185,5,99.00,Delivered,"Credit Card",PROD106,CUST5175,REV20185,2023-08-15
ORD10186,3,199.00,Pending,PayPal,PROD102,CUST2193,REV20186,2022-09-26
ORD10187,2,199.00,Delivered,"Cash on Delivery",PROD112,CUST2784,REV20187,2024-08-16
ORD10188,1,899.00,Delivered,PayPal,PROD101,CUST3466,REV20188,2023-06-15
ORD10189,4,129.00,Cancelled,PayPal,PROD109,CUST4591,REV20189,2022-10-24
ORD10190,5,149.00,Shipped,PayPal,PROD113,CUST3835,REV20190,2025-06-22
ORD10191,5,110.00,Returned,"Cash on Delivery",PROD105,CUST2840,REV20191,2023-12-28
ORD10192,5,199.00,Pending,"Credit Card",PROD102,CUST4438,REV20192,2025-04-23
ORD10193,5,999.00,Pending,PayPal,PROD100,CUST4442,REV20193,2024-05-11
ORD10194,3,59.00,Returned,"Credit Card",PROD111,CUST2982,REV20194,2024-03-21
ORD10195,2,110.00,Shipped,"Cash on Delivery",PROD105,CUST1710,REV20195,2024-12-21
ORD10196,5,199.00,Returned,"Cash on Delivery",PROD112,CUST4662,REV20196,2023-03-23
ORD10197,2,149.00,Cancelled,"Cash on Delivery",PROD113,CUST5602,REV20197,2024-08-18
ORD10198,5,120.00,Shipped,"Cash on Delivery",PROD104,CUST5363,REV20198,2025-05-30
ORD10199,4,59.00,Delivered,"Credit Card",PROD103,CUST5530,REV20199,2023-02-28
ORD10200,2,399.00,Returned,"Credit Card",PROD107,CUST5616,REV20200,2022-10-03
ORD10201,5,99.00,Returned,"Credit Card",PROD106,CUST4600,REV20201,2025-03-31
ORD10202,3,399.00,Cancelled,"Credit Card",PROD107,CUST3934,REV20202,2025-02-04
ORD10203,2,999.00,Delivered,PayPal,PROD100,CUST4591,REV20203,2024-10-04
ORD10204,2,229.00,Shipped,"Credit Card",PROD108,CUST3190,REV20204,2024-04-13
ORD10205,1,59.00,Delivered,"Cash on Delivery",PROD111,CUST3490,REV20205,2025-07-14
ORD10206,1,199.00,Returned,PayPal,PROD102,CUST1558,REV20206,2025-05-30
ORD10207,3,899.00,Delivered,"Cash on Delivery",PROD101,CUST5416,REV20207,2022-08-30
ORD10208,2,59.00,Shipped,PayPal,PROD111,CUST2812,REV20208,2023-10-14
ORD10209,2,25.00,Cancelled,"Credit Card",PROD114,CUST3492,REV20209,2025-05-17
ORD10210,1,129.00,Cancelled,PayPal,PROD109,CUST2367,REV20210,2024-04-28
ORD10211,1,999.00,Delivered,"Credit Card",PROD100,CUST2702,REV20211,2024-03-22
ORD10212,1,129.00,Shipped,"Cash on Delivery",PROD109,CUST5639,REV20212,2024-08-23
ORD10213,4,129.00,Pending,"Cash on Delivery",PROD109,CUST4161,REV20213,2025-04-24
ORD10214,1,199.00,Returned,PayPal,PROD112,CUST5048,REV20214,2025-04-02
ORD10215,1,59.00,Cancelled,PayPal,PROD103,CUST1907,REV20215,2023-01-19
ORD10216,1,59.00,Returned,"Credit Card",PROD103,CUST3149,REV20216,2024-02-29
ORD10217,1,149.00,Shipped,"Cash on Delivery",PROD113,CUST4951,REV20217,2022-12-30
ORD10218,4,229.00,Pending,PayPal,PROD108,CUST3317,REV20218,2024-02-27
ORD10219,2,129.00,Returned,"Cash on Delivery",PROD109,CUST1776,REV20219,2023-07-12
ORD10220,3,120.00,Returned,PayPal,PROD104,CUST2634,REV20220,2025-02-20
ORD10221,4,59.00,Cancelled,"Credit Card",PROD111,CUST2081,REV20221,2023-02-15
ORD10222,5,120.00,Pending,"Credit Card",PROD104,CUST1379,REV20222,2023-03-06
ORD10223,3,129.00,Delivered,"Cash on Delivery",PROD109,CUST5727,REV20223,2023-04-01
ORD10224,1,149.00,Delivered,PayPal,PROD113,CUST1654,REV20224,2024-03-23
ORD10225,3,99.00,Returned,PayPal,PROD106,CUST5054,REV20225,2023-03-13
ORD10226,3,80.00,Shipped,"Cash on Delivery",PROD110,CUST2263,REV20226,2023-04-27
ORD10227,4,99.00,Delivered,PayPal,PROD106,CUST5922,REV20227,2025-05-11
ORD10228,1,149.00,Returned,PayPal,PROD113,CUST5769,REV20228,2025-01-04
ORD10229,2,110.00,Pending,"Credit Card",PROD105,CUST1948,REV20229,2023-06-15
ORD10230,4,149.00,Returned,"Credit Card",PROD113,CUST3153,REV20230,2025-01-14
ORD10231,1,899.00,Delivered,"Credit Card",PROD101,CUST2188,REV20231,2024-09-21
ORD10232,1,59.00,Delivered,"Credit Card",PROD111,CUST2162,REV20232,2024-05-23
ORD10233,5,99.00,Pending,PayPal,PROD106,CUST3181,REV20233,2022-11-23
ORD10234,1,120.00,Delivered,"Credit Card",PROD104,CUST1011,REV20234,2022-10-10
ORD10235,5,120.00,Cancelled,"Credit Card",PROD104,CUST1587,REV20235,2022-10-15
ORD10236,4,199.00,Shipped,"Credit Card",PROD102,CUST3656,REV20236,2025-05-09
ORD10237,5,120.00,Delivered,PayPal,PROD104,CUST1366,REV20237,2024-04-10
ORD10238,3,229.00,Returned,PayPal,PROD108,CUST2406,REV20238,2024-04-18
ORD10239,5,149.00,Pending,"Credit Card",PROD113,CUST2944,REV20239,2025-04-10
ORD10240,1,999.00,Delivered,PayPal,PROD100,CUST2640,REV20240,2024-08-13
ORD10241,1,199.00,Delivered,"Credit Card",PROD102,CUST5457,REV20241,2023-05-25
ORD10242,5,399.00,Returned,"Credit Card",PROD107,CUST1395,REV20242,2022-10-18
ORD10243,4,899.00,Cancelled,"Cash on Delivery",PROD101,CUST5595,REV20243,2025-06-26
ORD10244,3,199.00,Returned,PayPal,PROD102,CUST2500,REV20244,2023-04-07
ORD10245,4,899.00,Returned,PayPal,PROD101,CUST3649,REV20245,2023-08-14
ORD10246,5,110.00,Shipped,PayPal,PROD105,CUST4988,REV20246,2025-01-04
ORD10247,4,399.00,Delivered,"Cash on Delivery",PROD107,CUST5522,REV20247,2025-03-24
ORD10248,2,199.00,Delivered,"Credit Card",PROD102,CUST3766,REV20248,2023-06-28
ORD10249,5,110.00,Cancelled,"Credit Card",PROD105,CUST2332,REV20249,2023-06-19
ORD10250,2,899.00,Cancelled,"Credit Card",PROD101,CUST5409,REV20250,2024-08-19
ORD10251,1,999.00,Returned,PayPal,PROD100,CUST1101,REV20251,2023-01-29
ORD10252,4,99.00,Delivered,PayPal,PROD106,CUST4425,REV20252,2025-07-12
ORD10253,1,80.00,Shipped,"Cash on Delivery",PROD110,CUST4623,REV20253,2024-05-24
ORD10254,1,25.00,Returned,"Credit Card",PROD114,CUST1872,REV20254,2022-12-01
ORD10255,1,25.00,Returned,"Cash on Delivery",PROD114,CUST3649,REV20255,2022-09-09
ORD10256,4,129.00,Pending,PayPal,PROD109,CUST1662,REV20256,2023-07-30
ORD10257,5,229.00,Shipped,"Cash on Delivery",PROD108,CUST2020,REV20257,2024-02-29
ORD10258,4,120.00,Cancelled,"Cash on Delivery",PROD104,CUST1954,REV20258,2024-08-10
ORD10259,2,899.00,Pending,PayPal,PROD101,CUST3325,REV20259,2024-05-06
ORD10260,1,199.00,Returned,"Credit Card",PROD102,CUST1133,REV20260,2025-06-29
ORD10261,3,899.00,Returned,PayPal,PROD101,CUST1762,REV20261,2024-09-11
ORD10262,4,229.00,Shipped,PayPal,PROD108,CUST1518,REV20262,2025-04-17
ORD10263,3,59.00,Cancelled,PayPal,PROD111,CUST4258,REV20263,2024-05-05
ORD10264,5,129.00,Shipped,PayPal,PROD109,CUST3773,REV20264,2025-01-20
ORD10265,1,399.00,Shipped,PayPal,PROD107,CUST4410,REV20265,2024-12-15
ORD10266,1,399.00,Cancelled,"Credit Card",PROD107,CUST1103,REV20266,2023-02-04
ORD10267,2,399.00,Cancelled,PayPal,PROD107,CUST3327,REV20267,2023-03-13
ORD10268,1,99.00,Cancelled,"Credit Card",PROD106,CUST2917,REV20268,2025-01-24
ORD10269,2,229.00,Cancelled,PayPal,PROD108,CUST3174,REV20269,2024-01-25
ORD10270,4,199.00,Pending,PayPal,PROD102,CUST5419,REV20270,2025-04-06
ORD10271,2,25.00,Returned,"Credit Card",PROD114,CUST4068,REV20271,2023-08-12
ORD10272,1,999.00,Cancelled,PayPal,PROD100,CUST3909,REV20272,2024-12-13
ORD10273,4,199.00,Pending,PayPal,PROD102,CUST5886,REV20273,2025-08-02
ORD10274,2,129.00,Delivered,"Credit Card",PROD109,CUST5198,REV20274,2023-04-13
ORD10275,4,999.00,Shipped,PayPal,PROD100,CUST2961,REV20275,2022-11-17
ORD10276,3,399.00,Cancelled,PayPal,PROD107,CUST3245,REV20276,2023-12-06
ORD10277,1,129.00,Shipped,PayPal,PROD109,CUST4040,REV20277,2022-09-04
ORD10278,5,59.00,Cancelled,PayPal,PROD103,CUST1375,REV20278,2023-07-15
ORD10279,3,25.00,Pending,"Cash on Delivery",PROD114,CUST4647,REV20279,2023-08-18
ORD10280,2,199.00,Returned,"Credit Card",PROD112,CUST4359,REV20280,2024-01-24
ORD10281,3,59.00,Returned,"Cash on Delivery",PROD103,CUST5540,REV20281,2023-02-10
ORD10282,4,399.00,Delivered,"Cash on Delivery",PROD107,CUST3904,REV20282,2025-08-16
ORD10283,2,59.00,Pending,"Credit Card",PROD103,CUST1742,REV20283,2024-06-15
ORD10284,4,999.00,Delivered,"Cash on Delivery",PROD100,CUST4273,REV20284,2024-06-22
ORD10285,4,899.00,Pending,"Cash on Delivery",PROD101,CUST5346,REV20285,2023-11-20
ORD10286,2,229.00,Returned,"Cash on Delivery",PROD108,CUST5324,REV20286,2023-11-19
ORD10287,4,229.00,Cancelled,"Credit Card",PROD108,CUST2838,REV20287,2023-06-29
ORD10288,1,59.00,Shipped,PayPal,PROD111,CUST1581,REV20288,2023-08-12
ORD10289,4,25.00,Returned,"Credit Card",PROD114,CUST1579,REV20289,2025-07-18
ORD10290,3,59.00,Cancelled,PayPal,PROD111,CUST3487,REV20290,2024-02-14
ORD10291,1,120.00,Delivered,"Credit Card",PROD104,CUST5561,REV20291,2022-11-17
ORD10292,4,80.00,Returned,PayPal,PROD110,CUST5616,REV20292,2023-11-28
ORD10293,1,25.00,Cancelled,"Credit Card",PROD114,CUST4708,REV20293,2023-04-29
ORD10294,5,25.00,Pending,"Cash on Delivery",PROD114,CUST5644,REV20294,2022-11-23
ORD10295,2,199.00,Delivered,PayPal,PROD112,CUST2957,REV20295,2024-09-29
ORD10296,3,899.00,Delivered,PayPal,PROD101,CUST2019,REV20296,2024-09-09
ORD10297,2,110.00,Returned,"Credit Card",PROD105,CUST5221,REV20297,2024-10-20
ORD10298,3,59.00,Delivered,"Cash on Delivery",PROD103,CUST4237,REV20298,2024-10-19
ORD10299,5,149.00,Returned,"Credit Card",PROD113,CUST3172,REV20299,2022-10-10
ORD10300,4,399.00,Pending,"Cash on Delivery",PROD107,CUST2321,REV20300,2023-06-29
ORD10301,3,80.00,Shipped,"Cash on Delivery",PROD110,CUST5839,REV20301,2023-08-21
ORD10302,2,59.00,Shipped,PayPal,PROD111,CUST2117,REV20302,2023-07-09
ORD10303,1,110.00,Returned,"Credit Card",PROD105,CUST1544,REV20303,2023-12-06
ORD10304,1,99.00,Cancelled,"Credit Card",PROD106,CUST3146,REV20304,2022-10-13
ORD10305,4,25.00,Pending,PayPal,PROD114,CUST5063,REV20305,2022-10-18
ORD10306,4,80.00,Returned,"Credit Card",PROD110,CUST2522,REV20306,2023-03-21
ORD10307,2,99.00,Returned,PayPal,PROD106,CUST2928,REV20307,2025-02-18
ORD10308,4,110.00,Pending,PayPal,PROD105,CUST1953,REV20308,2022-10-24
ORD10309,2,149.00,Cancelled,"Cash on Delivery",PROD113,CUST5329,REV20309,2023-05-27
ORD10310,1,99.00,Pending,"Cash on Delivery",PROD106,CUST2734,REV20310,2023-07-19
ORD10311,4,59.00,Shipped,PayPal,PROD103,CUST3282,REV20311,2023-08-24
ORD10312,5,110.00,Delivered,"Credit Card",PROD105,CUST2894,REV20312,2023-11-22
ORD10313,3,120.00,Pending,"Cash on Delivery",PROD104,CUST3453,REV20313,2025-06-05
ORD10314,4,59.00,Returned,"Cash on Delivery",PROD103,CUST1359,REV20314,2024-03-12
ORD10315,2,199.00,Delivered,"Cash on Delivery",PROD102,CUST2179,REV20315,2023-06-06
ORD10316,2,25.00,Shipped,"Cash on Delivery",PROD114,CUST5812,REV20316,2023-12-03
ORD10317,4,999.00,Returned,"Credit Card",PROD100,CUST3746,REV20317,2022-11-16
ORD10318,1,999.00,Cancelled,"Credit Card",PROD100,CUST5966,REV20318,2024-03-27
ORD10319,4,80.00,Pending,"Credit Card",PROD110,CUST3175,REV20319,2024-01-16
ORD10320,3,129.00,Delivered,"Cash on Delivery",PROD109,CUST1430,REV20320,2023-03-14
ORD10321,4,149.00,Pending,PayPal,PROD113,CUST1731,REV20321,2023-12-25
ORD10322,2,99.00,Shipped,"Cash on Delivery",PROD106,CUST2874,REV20322,2022-09-09
ORD10323,2,59.00,Delivered,"Credit Card",PROD111,CUST1224,REV20323,2024-05-12
ORD10324,1,59.00,Pending,"Cash on Delivery",PROD111,CUST1180,REV20324,2024-08-30
ORD10325,2,149.00,Shipped,"Credit Card",PROD113,CUST1139,REV20325,2025-03-23
ORD10326,3,80.00,Shipped,"Cash on Delivery",PROD110,CUST2404,REV20326,2022-09-27
ORD10327,3,899.00,Pending,"Credit Card",PROD101,CUST3438,REV20327,2024-11-01
ORD10328,5,59.00,Cancelled,"Credit Card",PROD111,CUST2854,REV20328,2025-05-07
ORD10329,1,80.00,Shipped,"Cash on Delivery",PROD110,CUST1434,REV20329,2023-01-25
ORD10330,1,999.00,Pending,"Credit Card",PROD100,CUST1829,REV20330,2023-08-04
ORD10331,4,59.00,Delivered,"Cash on Delivery",PROD111,CUST5677,REV20331,2024-11-07
ORD10332,5,999.00,Pending,"Credit Card",PROD100,CUST1782,REV20332,2023-05-06
ORD10333,4,999.00,Returned,PayPal,PROD100,CUST5827,REV20333,2022-10-23
ORD10334,3,199.00,Returned,PayPal,PROD112,CUST1318,REV20334,2025-01-16
ORD10335,4,229.00,Delivered,"Credit Card",PROD108,CUST1802,REV20335,2024-10-01
ORD10336,4,80.00,Cancelled,"Credit Card",PROD110,CUST3346,REV20336,2024-08-21
ORD10337,2,59.00,Shipped,"Cash on Delivery",PROD103,CUST4417,REV20337,2025-01-23
ORD10338,1,999.00,Cancelled,PayPal,PROD100,CUST4516,REV20338,2023-03-15
ORD10339,5,59.00,Pending,"Cash on Delivery",PROD103,CUST5739,REV20339,2022-12-08
ORD10340,4,99.00,Cancelled,"Credit Card",PROD106,CUST2638,REV20340,2024-02-28
ORD10341,3,149.00,Delivered,PayPal,PROD113,CUST3037,REV20341,2024-12-08
ORD10342,4,899.00,Delivered,PayPal,PROD101,CUST5246,REV20342,2025-06-10
ORD10343,4,399.00,Shipped,"Credit Card",PROD107,CUST1008,REV20343,2023-11-21
ORD10344,1,999.00,Pending,PayPal,PROD100,CUST4854,REV20344,2022-11-20
ORD10345,5,129.00,Cancelled,PayPal,PROD109,CUST4085,REV20345,2025-08-17
ORD10346,5,59.00,Shipped,"Cash on Delivery",PROD103,CUST4964,REV20346,2023-07-02
ORD10347,5,59.00,Cancelled,"Credit Card",PROD103,CUST5752,REV20347,2023-02-15
ORD10348,4,399.00,Pending,PayPal,PROD107,CUST2923,REV20348,2024-12-27
ORD10349,2,199.00,Delivered,"Credit Card",PROD112,CUST1509,REV20349,2025-06-19
ORD10350,1,129.00,Cancelled,"Credit Card",PROD109,CUST5722,REV20350,2022-10-24
ORD10351,1,59.00,Shipped,PayPal,PROD111,CUST4191,REV20351,2023-07-10
ORD10352,1,199.00,Shipped,PayPal,PROD112,CUST5111,REV20352,2023-10-17
ORD10353,5,199.00,Delivered,PayPal,PROD112,CUST1363,REV20353,2025-02-09
ORD10354,5,199.00,Shipped,PayPal,PROD112,CUST5665,REV20354,2022-10-18
ORD10355,3,80.00,Cancelled,"Cash on Delivery",PROD110,CUST5925,REV20355,2023-03-31
ORD10356,4,59.00,Delivered,"Cash on Delivery",PROD103,CUST4949,REV20356,2025-01-15
ORD10357,2,199.00,Delivered,"Cash on Delivery",PROD102,CUST3141,REV20357,2023-03-21
ORD10358,3,399.00,Cancelled,"Credit Card",PROD107,CUST5435,REV20358,2022-11-21
ORD10359,5,99.00,Pending,PayPal,PROD106,CUST3978,REV20359,2025-02-26
ORD10360,5,899.00,Returned,"Cash on Delivery",PROD101,CUST2181,REV20360,2024-03-18
ORD10361,1,399.00,Pending,"Credit Card",PROD107,CUST4101,REV20361,2025-03-25
ORD10362,5,229.00,Cancelled,"Credit Card",PROD108,CUST1859,REV20362,2025-06-27
ORD10363,2,899.00,Returned,"Credit Card",PROD101,CUST5637,REV20363,2024-01-21
ORD10364,1,25.00,Cancelled,"Credit Card",PROD114,CUST1950,REV20364,2024-01-13
ORD10365,5,199.00,Returned,"Credit Card",PROD102,CUST4958,REV20365,2023-09-29
ORD10366,2,399.00,Delivered,PayPal,PROD107,CUST1603,REV20366,2023-04-15
ORD10367,5,899.00,Returned,PayPal,PROD101,CUST5529,REV20367,2024-07-13
ORD10368,2,999.00,Cancelled,PayPal,PROD100,CUST1183,REV20368,2024-02-23
ORD10369,4,120.00,Pending,"Cash on Delivery",PROD104,CUST3931,REV20369,2023-06-13
ORD10370,3,120.00,Shipped,"Cash on Delivery",PROD104,CUST2238,REV20370,2024-03-30
ORD10371,1,199.00,Cancelled,"Credit Card",PROD102,CUST2696,REV20371,2024-08-05
ORD10372,1,399.00,Returned,"Credit Card",PROD107,CUST4530,REV20372,2023-06-25
ORD10373,3,899.00,Shipped,"Cash on Delivery",PROD101,CUST2419,REV20373,2024-06-25
ORD10374,1,129.00,Cancelled,"Cash on Delivery",PROD109,CUST2592,REV20374,2024-05-10
ORD10375,4,25.00,Delivered,"Credit Card",PROD114,CUST2547,REV20375,2023-04-30
ORD10376,5,99.00,Delivered,"Credit Card",PROD106,CUST4021,REV20376,2024-02-26
ORD10377,5,99.00,Cancelled,"Cash on Delivery",PROD106,CUST3733,REV20377,2023-04-18
ORD10378,3,999.00,Shipped,PayPal,PROD100,CUST3098,REV20378,2024-07-29
ORD10379,2,59.00,Shipped,PayPal,PROD111,CUST5183,REV20379,2024-11-10
ORD10380,4,899.00,Cancelled,"Credit Card",PROD101,CUST5023,REV20380,2025-01-13
ORD10381,2,199.00,Returned,PayPal,PROD112,CUST2257,REV20381,2023-07-13
ORD10382,1,129.00,Pending,"Cash on Delivery",PROD109,CUST4986,REV20382,2024-05-20
ORD10383,2,899.00,Delivered,"Credit Card",PROD101,CUST2361,REV20383,2022-10-13
ORD10384,4,25.00,Shipped,"Credit Card",PROD114,CUST1205,REV20384,2024-10-23
ORD10385,5,99.00,Pending,PayPal,PROD106,CUST1388,REV20385,2024-12-16
ORD10386,5,120.00,Returned,"Credit Card",PROD104,CUST4534,REV20386,2025-08-06
ORD10387,4,110.00,Delivered,"Cash on Delivery",PROD105,CUST3643,REV20387,2025-05-23
ORD10388,5,399.00,Cancelled,PayPal,PROD107,CUST3031,REV20388,2024-07-28
ORD10389,3,199.00,Shipped,"Credit Card",PROD102,CUST5243,REV20389,2024-11-25
ORD10390,1,199.00,Shipped,"Cash on Delivery",PROD102,CUST5050,REV20390,2023-06-07
ORD10391,2,99.00,Cancelled,"Cash on Delivery",PROD106,CUST1064,REV20391,2024-04-17
ORD10392,4,999.00,Pending,PayPal,PROD100,CUST5014,REV20392,2025-06-23
ORD10393,1,999.00,Pending,"Credit Card",PROD100,CUST2633,REV20393,2022-11-19
ORD10394,4,110.00,Shipped,"Cash on Delivery",PROD105,CUST5678,REV20394,2024-06-09
ORD10395,4,399.00,Delivered,"Credit Card",PROD107,CUST2954,REV20395,2023-10-30
ORD10396,5,120.00,Cancelled,PayPal,PROD104,CUST3737,REV20396,2024-06-16
ORD10397,1,999.00,Cancelled,"Cash on Delivery",PROD100,CUST3060,REV20397,2025-03-01
ORD10398,1,120.00,Shipped,"Credit Card",PROD104,CUST3332,REV20398,2023-06-30
ORD10399,3,229.00,Delivered,PayPal,PROD108,CUST2985,REV20399,2024-01-02
ORD10400,4,999.00,Returned,PayPal,PROD100,CUST1707,REV20400,2022-10-17
ORD10401,3,120.00,Cancelled,PayPal,PROD104,CUST4239,REV20401,2024-10-15
ORD10402,1,229.00,Pending,"Cash on Delivery",PROD108,CUST2686,REV20402,2023-11-21
ORD10403,2,199.00,Shipped,"Credit Card",PROD112,CUST3774,REV20403,2024-06-29
ORD10404,3,110.00,Shipped,PayPal,PROD105,CUST3392,REV20404,2022-10-17
ORD10405,2,399.00,Delivered,"Credit Card",PROD107,CUST1541,REV20405,2024-07-02
ORD10406,4,59.00,Pending,"Cash on Delivery",PROD111,CUST4678,REV20406,2022-10-15
ORD10407,2,80.00,Pending,PayPal,PROD110,CUST2438,REV20407,2022-08-27
ORD10408,3,120.00,Pending,"Credit Card",PROD104,CUST2206,REV20408,2023-05-25
ORD10409,5,25.00,Returned,PayPal,PROD114,CUST1976,REV20409,2025-07-12
ORD10410,3,59.00,Returned,"Cash on Delivery",PROD103,CUST2742,REV20410,2024-02-24
ORD10411,1,80.00,Returned,"Credit Card",PROD110,CUST5251,REV20411,2024-05-28
ORD10412,1,149.00,Cancelled,"Cash on Delivery",PROD113,CUST1319,REV20412,2024-09-29
ORD10413,1,59.00,Delivered,"Cash on Delivery",PROD103,CUST5318,REV20413,2023-09-23
ORD10414,4,59.00,Delivered,PayPal,PROD103,CUST5441,REV20414,2025-01-03
ORD10415,5,129.00,Returned,"Cash on Delivery",PROD109,CUST1637,REV20415,2022-08-25
ORD10416,2,59.00,Cancelled,"Cash on Delivery",PROD111,CUST3096,REV20416,2025-03-09
ORD10417,4,120.00,Delivered,PayPal,PROD104,CUST5619,REV20417,2024-03-20
ORD10418,2,199.00,Returned,"Cash on Delivery",PROD102,CUST3497,REV20418,2023-10-19
ORD10419,5,399.00,Shipped,"Cash on Delivery",PROD107,CUST1281,REV20419,2023-01-16
ORD10420,3,80.00,Pending,"Credit Card",PROD110,CUST3502,REV20420,2024-04-25
ORD10421,2,99.00,Pending,PayPal,PROD106,CUST4671,REV20421,2023-11-17
ORD10422,2,899.00,Delivered,PayPal,PROD101,CUST1258,REV20422,2024-10-18
ORD10423,4,25.00,Returned,"Cash on Delivery",PROD114,CUST1204,REV20423,2025-02-03
ORD10424,2,80.00,Cancelled,"Cash on Delivery",PROD110,CUST2988,REV20424,2023-10-25
ORD10425,2,99.00,Shipped,"Credit Card",PROD106,CUST3225,REV20425,2025-06-30
ORD10426,4,399.00,Returned,"Cash on Delivery",PROD107,CUST4090,REV20426,2023-03-23
ORD10427,5,399.00,Pending,"Cash on Delivery",PROD107,CUST5919,REV20427,2023-03-11
ORD10428,5,899.00,Pending,PayPal,PROD101,CUST3221,REV20428,2023-11-22
ORD10429,4,110.00,Cancelled,"Credit Card",PROD105,CUST5306,REV20429,2024-09-27
ORD10430,2,149.00,Shipped,"Cash on Delivery",PROD113,CUST4192,REV20430,2025-02-13
ORD10431,4,199.00,Returned,PayPal,PROD112,CUST3839,REV20431,2024-12-25
ORD10432,2,229.00,Shipped,"Credit Card",PROD108,CUST2436,REV20432,2024-01-05
ORD10433,1,899.00,Cancelled,"Cash on Delivery",PROD101,CUST1857,REV20433,2024-09-24
ORD10434,2,99.00,Shipped,PayPal,PROD106,CUST3958,REV20434,2023-12-23
ORD10435,3,120.00,Shipped,PayPal,PROD104,CUST1640,REV20435,2023-05-24
ORD10436,4,199.00,Cancelled,"Cash on Delivery",PROD102,CUST1302,REV20436,2024-12-10
ORD10437,5,59.00,Cancelled,"Credit Card",PROD103,CUST5366,REV20437,2023-11-23
ORD10438,2,120.00,Returned,PayPal,PROD104,CUST3808,REV20438,2024-09-08
ORD10439,1,199.00,Shipped,"Cash on Delivery",PROD112,CUST5610,REV20439,2024-02-27
ORD10440,4,199.00,Pending,PayPal,PROD112,CUST1875,REV20440,2023-09-07
ORD10441,3,899.00,Delivered,PayPal,PROD101,CUST5811,REV20441,2025-04-01
ORD10442,5,110.00,Cancelled,"Credit Card",PROD105,CUST1939,REV20442,2025-03-20
ORD10443,2,229.00,Returned,"Credit Card",PROD108,CUST1083,REV20443,2023-06-20
ORD10444,2,999.00,Delivered,"Credit Card",PROD100,CUST5627,REV20444,2025-07-19
ORD10445,3,129.00,Shipped,PayPal,PROD109,CUST2216,REV20445,2025-04-22
ORD10446,4,229.00,Pending,PayPal,PROD108,CUST4396,REV20446,2023-04-12
ORD10447,4,59.00,Delivered,"Credit Card",PROD103,CUST2220,REV20447,2024-03-11
ORD10448,2,80.00,Shipped,PayPal,PROD110,CUST2713,REV20448,2025-04-02
ORD10449,4,80.00,Returned,"Credit Card",PROD110,CUST4346,REV20449,2023-12-20
ORD10450,3,25.00,Returned,PayPal,PROD114,CUST4118,REV20450,2022-12-22
ORD10451,2,999.00,Cancelled,"Cash on Delivery",PROD100,CUST5325,REV20451,2022-09-12
ORD10452,2,899.00,Pending,"Credit Card",PROD101,CUST5462,REV20452,2024-04-27
ORD10453,5,199.00,Returned,"Cash on Delivery",PROD102,CUST4364,REV20453,2024-04-09
ORD10454,5,80.00,Cancelled,PayPal,PROD110,CUST1389,REV20454,2024-06-23
ORD10455,1,149.00,Returned,"Credit Card",PROD113,CUST3346,REV20455,2025-07-18
ORD10456,4,129.00,Pending,"Cash on Delivery",PROD109,CUST1029,REV20456,2025-01-16
ORD10457,1,399.00,Pending,PayPal,PROD107,CUST4080,REV20457,2023-04-30
ORD10458,4,199.00,Returned,"Credit Card",PROD102,CUST4995,REV20458,2024-12-23
ORD10459,4,25.00,Cancelled,PayPal,PROD114,CUST1350,REV20459,2024-03-24
ORD10460,2,999.00,Shipped,PayPal,PROD100,CUST5182,REV20460,2024-06-17
ORD10461,3,999.00,Delivered,PayPal,PROD100,CUST1917,REV20461,2023-01-06
ORD10462,4,25.00,Cancelled,PayPal,PROD114,CUST4543,REV20462,2023-12-21
ORD10463,4,229.00,Cancelled,"Cash on Delivery",PROD108,CUST3612,REV20463,2025-05-25
ORD10464,3,129.00,Delivered,PayPal,PROD109,CUST3254,REV20464,2022-10-09
ORD10465,5,120.00,Pending,"Cash on Delivery",PROD104,CUST1111,REV20465,2025-08-18
ORD10466,3,229.00,Pending,"Cash on Delivery",PROD108,CUST5028,REV20466,2022-12-20
ORD10467,5,199.00,Pending,"Credit Card",PROD102,CUST4624,REV20467,2022-09-24
ORD10468,3,99.00,Pending,"Cash on Delivery",PROD106,CUST1129,REV20468,2025-03-10
ORD10469,1,59.00,Shipped,PayPal,PROD111,CUST3819,REV20469,2023-11-26
ORD10470,2,199.00,Shipped,PayPal,PROD112,CUST1320,REV20470,2024-09-26
ORD10471,1,59.00,Shipped,PayPal,PROD103,CUST5048,REV20471,2024-11-04
ORD10472,2,99.00,Delivered,"Credit Card",PROD106,CUST4573,REV20472,2024-10-07
ORD10473,2,80.00,Shipped,PayPal,PROD110,CUST1275,REV20473,2024-05-02
ORD10474,2,399.00,Shipped,"Credit Card",PROD107,CUST1178,REV20474,2025-08-10
ORD10475,4,199.00,Cancelled,"Cash on Delivery",PROD112,CUST2576,REV20475,2023-04-17
ORD10476,1,899.00,Shipped,"Credit Card",PROD101,CUST5203,REV20476,2022-12-07
ORD10477,3,149.00,Pending,PayPal,PROD113,CUST4408,REV20477,2023-05-18
ORD10478,4,120.00,Pending,"Cash on Delivery",PROD104,CUST5597,REV20478,2024-07-27
ORD10479,3,59.00,Pending,"Cash on Delivery",PROD111,CUST3832,REV20479,2024-11-25
ORD10480,4,25.00,Pending,"Credit Card",PROD114,CUST4407,REV20480,2025-07-29
ORD10481,2,99.00,Shipped,"Credit Card",PROD106,CUST3790,REV20481,2024-04-21
ORD10482,1,229.00,Delivered,"Credit Card",PROD108,CUST3995,REV20482,2024-05-07
ORD10483,2,229.00,Returned,"Cash on Delivery",PROD108,CUST3692,REV20483,2023-01-22
ORD10484,1,199.00,Returned,PayPal,PROD102,CUST2626,REV20484,2023-10-18
ORD10485,5,199.00,Returned,PayPal,PROD112,CUST2201,REV20485,2024-11-12
ORD10486,1,129.00,Cancelled,"Credit Card",PROD109,CUST1182,REV20486,2024-12-04
ORD10487,5,80.00,Returned,PayPal,PROD110,CUST1168,REV20487,2025-07-30
ORD10488,5,149.00,Delivered,"Cash on Delivery",PROD113,CUST4686,REV20488,2025-03-02
ORD10489,3,199.00,Pending,"Credit Card",PROD102,CUST4145,REV20489,2024-07-25
ORD10490,2,399.00,Delivered,"Cash on Delivery",PROD107,CUST2679,REV20490,2024-12-21
ORD10491,2,129.00,Returned,"Credit Card",PROD109,CUST2683,REV20491,2023-02-03
ORD10492,1,399.00,Delivered,"Cash on Delivery",PROD107,CUST4112,REV20492,2024-03-21
ORD10493,4,129.00,Delivered,PayPal,PROD109,CUST1241,REV20493,2024-10-09
ORD10494,2,59.00,Cancelled,PayPal,PROD103,CUST4208,REV20494,2024-10-26
ORD10495,4,25.00,Pending,"Cash on Delivery",PROD114,CUST1283,REV20495,2023-04-03
ORD10496,5,899.00,Cancelled,"Credit Card",PROD101,CUST4981,REV20496,2025-02-21
ORD10497,2,59.00,Pending,PayPal,PROD111,CUST3974,REV20497,2025-07-27
ORD10498,5,149.00,Cancelled,"Credit Card",PROD113,CUST5518,REV20498,2024-07-10
ORD10499,3,149.00,Cancelled,"Credit Card",PROD113,CUST5274,REV20499,2023-05-09
ORD10500,2,80.00,Cancelled,"Cash on Delivery",PROD110,CUST4009,REV20500,2025-01-10
ORD10501,4,59.00,Delivered,PayPal,PROD111,CUST3002,REV20501,2023-02-08
ORD10502,3,149.00,Cancelled,PayPal,PROD113,CUST4137,REV20502,2025-01-06
ORD10503,1,199.00,Shipped,"Credit Card",PROD102,CUST4045,REV20503,2025-02-12
ORD10504,5,999.00,Shipped,"Credit Card",PROD100,CUST1438,REV20504,2024-07-15
ORD10505,1,899.00,Delivered,PayPal,PROD101,CUST3891,REV20505,2025-03-28
ORD10506,1,120.00,Pending,"Cash on Delivery",PROD104,CUST5045,REV20506,2024-09-22
ORD10507,1,129.00,Returned,"Credit Card",PROD109,CUST4757,REV20507,2023-04-09
ORD10508,2,199.00,Pending,PayPal,PROD102,CUST4304,REV20508,2024-06-13
ORD10509,5,25.00,Cancelled,"Cash on Delivery",PROD114,CUST2578,REV20509,2022-11-20
ORD10510,4,110.00,Returned,PayPal,PROD105,CUST2993,REV20510,2022-10-22
ORD10511,5,59.00,Returned,"Credit Card",PROD111,CUST1839,REV20511,2025-05-12
ORD10512,3,99.00,Shipped,PayPal,PROD106,CUST3325,REV20512,2024-05-27
ORD10513,3,199.00,Returned,"Credit Card",PROD112,CUST3598,REV20513,2023-04-21
ORD10514,3,120.00,Delivered,"Cash on Delivery",PROD104,CUST5513,REV20514,2023-06-11
ORD10515,1,59.00,Pending,"Cash on Delivery",PROD111,CUST1691,REV20515,2024-05-26
ORD10516,2,25.00,Pending,PayPal,PROD114,CUST2811,REV20516,2022-09-21
ORD10517,2,59.00,Pending,"Credit Card",PROD103,CUST5594,REV20517,2023-12-28
ORD10518,1,120.00,Shipped,"Credit Card",PROD104,CUST3060,REV20518,2024-07-22
ORD10519,4,199.00,Returned,"Cash on Delivery",PROD102,CUST4924,REV20519,2023-10-28
ORD10520,4,25.00,Pending,"Credit Card",PROD114,CUST1747,REV20520,2024-12-30
ORD10521,4,999.00,Shipped,"Credit Card",PROD100,CUST2929,REV20521,2024-07-04
ORD10522,1,199.00,Delivered,"Cash on Delivery",PROD102,CUST3695,REV20522,2024-05-14
ORD10523,4,25.00,Delivered,"Credit Card",PROD114,CUST2710,REV20523,2024-08-22
ORD10524,3,199.00,Returned,PayPal,PROD102,CUST4288,REV20524,2024-01-23
ORD10525,3,120.00,Pending,"Cash on Delivery",PROD104,CUST5402,REV20525,2025-05-27
ORD10526,2,399.00,Pending,"Cash on Delivery",PROD107,CUST4088,REV20526,2023-09-30
ORD10527,3,199.00,Delivered,"Credit Card",PROD112,CUST4586,REV20527,2022-12-03
ORD10528,3,25.00,Shipped,PayPal,PROD114,CUST4363,REV20528,2025-02-17
ORD10529,2,99.00,Cancelled,"Credit Card",PROD106,CUST5356,REV20529,2024-01-31
ORD10530,1,80.00,Delivered,"Cash on Delivery",PROD110,CUST4338,REV20530,2022-10-03
ORD10531,5,899.00,Pending,"Credit Card",PROD101,CUST5427,REV20531,2022-12-26
ORD10532,4,149.00,Delivered,"Credit Card",PROD113,CUST1332,REV20532,2023-07-13
ORD10533,5,899.00,Pending,"Cash on Delivery",PROD101,CUST3940,REV20533,2024-07-13
ORD10534,2,999.00,Delivered,"Cash on Delivery",PROD100,CUST2137,REV20534,2023-06-02
ORD10535,1,149.00,Pending,PayPal,PROD113,CUST2896,REV20535,2025-02-25
ORD10536,4,59.00,Cancelled,"Cash on Delivery",PROD103,CUST3610,REV20536,2025-03-20
ORD10537,3,25.00,Shipped,"Cash on Delivery",PROD114,CUST5478,REV20537,2024-08-09
ORD10538,4,199.00,Returned,"Cash on Delivery",PROD102,CUST1033,REV20538,2023-07-06
ORD10539,5,120.00,Shipped,"Credit Card",PROD104,CUST4858,REV20539,2023-09-05
ORD10540,5,229.00,Pending,"Cash on Delivery",PROD108,CUST1064,REV20540,2022-10-04
ORD10541,3,999.00,Returned,"Cash on Delivery",PROD100,CUST4237,REV20541,2022-11-11
ORD10542,2,99.00,Pending,"Credit Card",PROD106,CUST3262,REV20542,2024-11-19
ORD10543,4,399.00,Cancelled,"Cash on Delivery",PROD107,CUST2712,REV20543,2024-08-18
ORD10544,1,199.00,Pending,"Credit Card",PROD102,CUST4085,REV20544,2023-12-14
ORD10545,5,199.00,Delivered,"Cash on Delivery",PROD112,CUST2758,REV20545,2024-02-04
ORD10546,3,99.00,Returned,"Credit Card",PROD106,CUST4659,REV20546,2022-12-29
ORD10547,3,129.00,Delivered,"Cash on Delivery",PROD109,CUST3740,REV20547,2023-10-25
ORD10548,1,80.00,Returned,"Cash on Delivery",PROD110,CUST3925,REV20548,2025-07-08
ORD10549,3,899.00,Cancelled,"Cash on Delivery",PROD101,CUST2203,REV20549,2024-09-28
ORD10550,1,120.00,Pending,"Cash on Delivery",PROD104,CUST2170,REV20550,2022-10-03
ORD10551,2,110.00,Pending,"Credit Card",PROD105,CUST4541,REV20551,2025-05-09
ORD10552,1,999.00,Cancelled,"Credit Card",PROD100,CUST2467,REV20552,2023-08-25
ORD10553,4,59.00,Shipped,"Cash on Delivery",PROD103,CUST3889,REV20553,2022-10-30
ORD10554,4,399.00,Delivered,"Cash on Delivery",PROD107,CUST5093,REV20554,2025-03-13
ORD10555,1,399.00,Pending,PayPal,PROD107,CUST5355,REV20555,2022-11-23
ORD10556,5,149.00,Pending,"Cash on Delivery",PROD113,CUST3542,REV20556,2024-07-28
ORD10557,1,199.00,Returned,PayPal,PROD102,CUST3229,REV20557,2024-02-25
ORD10558,5,59.00,Pending,"Cash on Delivery",PROD103,CUST2552,REV20558,2024-06-01
ORD10559,2,25.00,Cancelled,"Credit Card",PROD114,CUST2740,REV20559,2023-04-07
ORD10560,3,199.00,Delivered,"Credit Card",PROD112,CUST3412,REV20560,2023-06-14
ORD10561,1,59.00,Returned,"Credit Card",PROD103,CUST2384,REV20561,2024-06-07
ORD10562,3,80.00,Returned,PayPal,PROD110,CUST2535,REV20562,2023-05-06
ORD10563,2,149.00,Shipped,PayPal,PROD113,CUST2289,REV20563,2024-06-27
ORD10564,1,129.00,Returned,"Cash on Delivery",PROD109,CUST5618,REV20564,2022-10-07
ORD10565,5,80.00,Delivered,"Cash on Delivery",PROD110,CUST2207,REV20565,2023-04-04
ORD10566,4,120.00,Pending,"Credit Card",PROD104,CUST5319,REV20566,2023-10-10
ORD10567,3,149.00,Shipped,"Cash on Delivery",PROD113,CUST2896,REV20567,2023-01-15
ORD10568,1,80.00,Returned,PayPal,PROD110,CUST1461,REV20568,2025-06-22
ORD10569,1,110.00,Pending,PayPal,PROD105,CUST3977,REV20569,2023-12-08
ORD10570,1,999.00,Returned,"Cash on Delivery",PROD100,CUST3240,REV20570,2023-09-03
ORD10571,2,129.00,Delivered,"Credit Card",PROD109,CUST4516,REV20571,2023-10-17
ORD10572,4,129.00,Delivered,"Cash on Delivery",PROD109,CUST4822,REV20572,2022-09-21
ORD10573,5,80.00,Returned,PayPal,PROD110,CUST2050,REV20573,2024-12-11
ORD10574,5,229.00,Delivered,"Cash on Delivery",PROD108,CUST3308,REV20574,2024-04-14
ORD10575,1,80.00,Returned,"Cash on Delivery",PROD110,CUST1399,REV20575,2024-10-07
ORD10576,3,199.00,Returned,"Credit Card",PROD102,CUST3343,REV20576,2023-12-08
ORD10577,2,129.00,Cancelled,"Credit Card",PROD109,CUST5003,REV20577,2023-01-31
ORD10578,4,399.00,Delivered,PayPal,PROD107,CUST3483,REV20578,2023-02-05
ORD10579,2,229.00,Pending,"Cash on Delivery",PROD108,CUST2725,REV20579,2025-07-05
ORD10580,2,199.00,Shipped,PayPal,PROD112,CUST5866,REV20580,2025-05-27
ORD10581,1,199.00,Pending,"Cash on Delivery",PROD112,CUST4646,REV20581,2024-01-11
ORD10582,2,129.00,Pending,"Credit Card",PROD109,CUST1981,REV20582,2024-01-03
ORD10583,5,399.00,Shipped,"Cash on Delivery",PROD107,CUST3185,REV20583,2023-12-31
ORD10584,2,149.00,Shipped,PayPal,PROD113,CUST1473,REV20584,2023-10-06
ORD10585,1,59.00,Returned,"Credit Card",PROD111,CUST5278,REV20585,2022-11-13
ORD10586,2,120.00,Cancelled,PayPal,PROD104,CUST2432,REV20586,2024-06-01
ORD10587,4,149.00,Delivered,"Cash on Delivery",PROD113,CUST5767,REV20587,2025-02-27
ORD10588,2,25.00,Shipped,"Cash on Delivery",PROD114,CUST4450,REV20588,2024-05-05
ORD10589,1,59.00,Returned,"Cash on Delivery",PROD103,CUST4081,REV20589,2024-02-17
ORD10590,3,25.00,Returned,PayPal,PROD114,CUST5693,REV20590,2022-12-27
ORD10591,4,129.00,Pending,"Cash on Delivery",PROD109,CUST5540,REV20591,2024-10-27
ORD10592,5,99.00,Delivered,"Cash on Delivery",PROD106,CUST4306,REV20592,2024-08-03
ORD10593,2,99.00,Pending,"Cash on Delivery",PROD106,CUST1089,REV20593,2024-10-15
ORD10594,5,199.00,Returned,"Cash on Delivery",PROD102,CUST2457,REV20594,2024-06-15
ORD10595,1,899.00,Delivered,"Cash on Delivery",PROD101,CUST4150,REV20595,2023-11-22
ORD10596,5,199.00,Returned,PayPal,PROD102,CUST1824,REV20596,2025-02-05
ORD10597,5,129.00,Shipped,"Cash on Delivery",PROD109,CUST1339,REV20597,2024-09-15
ORD10598,4,999.00,Returned,"Credit Card",PROD100,CUST4129,REV20598,2023-07-24
ORD10599,1,80.00,Delivered,"Credit Card",PROD110,CUST2130,REV20599,2023-08-12
ORD10600,1,59.00,Returned,"Cash on Delivery",PROD111,CUST5653,REV20600,2023-01-31
ORD10601,1,59.00,Returned,"Credit Card",PROD103,CUST5101,REV20601,2024-02-29
ORD10602,4,110.00,Cancelled,"Cash on Delivery",PROD105,CUST5284,REV20602,2025-04-07
ORD10603,1,149.00,Pending,PayPal,PROD113,CUST1411,REV20603,2024-10-29
ORD10604,4,80.00,Cancelled,PayPal,PROD110,CUST3590,REV20604,2024-04-21
ORD10605,5,399.00,Cancelled,"Cash on Delivery",PROD107,CUST2641,REV20605,2022-11-05
ORD10606,3,999.00,Returned,"Cash on Delivery",PROD100,CUST1400,REV20606,2024-11-08
ORD10607,3,149.00,Returned,"Credit Card",PROD113,CUST5215,REV20607,2023-04-01
ORD10608,4,110.00,Returned,PayPal,PROD105,CUST3248,REV20608,2025-06-03
ORD10609,5,899.00,Returned,PayPal,PROD101,CUST2706,REV20609,2025-02-20
ORD10610,3,149.00,Shipped,"Cash on Delivery",PROD113,CUST1342,REV20610,2024-02-15
ORD10611,1,899.00,Returned,"Cash on Delivery",PROD101,CUST2332,REV20611,2024-11-14
ORD10612,1,25.00,Shipped,"Credit Card",PROD114,CUST5254,REV20612,2024-10-25
ORD10613,4,110.00,Returned,PayPal,PROD105,CUST2708,REV20613,2024-02-02
ORD10614,1,399.00,Delivered,PayPal,PROD107,CUST2047,REV20614,2023-04-09
ORD10615,4,120.00,Pending,PayPal,PROD104,CUST1092,REV20615,2024-04-10
ORD10616,2,399.00,Shipped,"Cash on Delivery",PROD107,CUST1058,REV20616,2023-12-03
ORD10617,4,110.00,Cancelled,PayPal,PROD105,CUST2249,REV20617,2024-04-02
ORD10618,2,25.00,Shipped,"Credit Card",PROD114,CUST1008,REV20618,2024-09-27
ORD10619,1,80.00,Delivered,"Credit Card",PROD110,CUST2352,REV20619,2023-02-20
ORD10620,3,59.00,Cancelled,"Cash on Delivery",PROD111,CUST2210,REV20620,2023-04-18
ORD10621,5,199.00,Pending,PayPal,PROD112,CUST2783,REV20621,2025-07-22
ORD10622,5,229.00,Cancelled,PayPal,PROD108,CUST2728,REV20622,2023-03-22
ORD10623,5,25.00,Pending,PayPal,PROD114,CUST3232,REV20623,2023-05-06
ORD10624,5,149.00,Shipped,PayPal,PROD113,CUST3494,REV20624,2023-09-13
ORD10625,1,120.00,Shipped,PayPal,PROD104,CUST2541,REV20625,2025-01-30
ORD10626,3,149.00,Returned,"Credit Card",PROD113,CUST2055,REV20626,2025-07-19
ORD10627,2,120.00,Shipped,"Credit Card",PROD104,CUST2595,REV20627,2024-01-13
ORD10628,2,99.00,Pending,"Cash on Delivery",PROD106,CUST4760,REV20628,2023-06-06
ORD10629,3,25.00,Cancelled,"Credit Card",PROD114,CUST3203,REV20629,2024-11-02
ORD10630,1,110.00,Cancelled,"Credit Card",PROD105,CUST3484,REV20630,2024-03-05
ORD10631,5,899.00,Shipped,"Credit Card",PROD101,CUST2913,REV20631,2024-09-27
ORD10632,2,110.00,Cancelled,"Cash on Delivery",PROD105,CUST1109,REV20632,2023-07-19
ORD10633,5,80.00,Pending,"Credit Card",PROD110,CUST2479,REV20633,2023-03-10
ORD10634,2,129.00,Delivered,"Credit Card",PROD109,CUST1358,REV20634,2022-09-08
ORD10635,3,999.00,Shipped,"Credit Card",PROD100,CUST2213,REV20635,2024-03-24
ORD10636,5,59.00,Shipped,PayPal,PROD111,CUST3302,REV20636,2023-03-14
ORD10637,2,399.00,Cancelled,"Cash on Delivery",PROD107,CUST5809,REV20637,2024-09-22
ORD10638,1,59.00,Shipped,"Credit Card",PROD111,CUST1021,REV20638,2025-07-18
ORD10639,3,199.00,Delivered,"Credit Card",PROD112,CUST4481,REV20639,2024-03-16
ORD10640,3,80.00,Cancelled,"Cash on Delivery",PROD110,CUST5783,REV20640,2024-04-30
ORD10641,5,110.00,Delivered,"Credit Card",PROD105,CUST1376,REV20641,2025-07-19
ORD10642,4,199.00,Cancelled,PayPal,PROD102,CUST3122,REV20642,2025-05-01
ORD10643,3,110.00,Returned,"Credit Card",PROD105,CUST1274,REV20643,2022-10-16
ORD10644,4,149.00,Shipped,"Credit Card",PROD113,CUST4847,REV20644,2023-12-21
ORD10645,4,80.00,Cancelled,"Cash on Delivery",PROD110,CUST5175,REV20645,2023-04-14
ORD10646,3,899.00,Cancelled,"Cash on Delivery",PROD101,CUST1359,REV20646,2023-02-16
ORD10647,4,25.00,Returned,"Credit Card",PROD114,CUST5207,REV20647,2024-05-19
ORD10648,3,999.00,Shipped,PayPal,PROD100,CUST5136,REV20648,2022-12-18
ORD10649,2,59.00,Returned,"Cash on Delivery",PROD103,CUST1025,REV20649,2025-02-08
ORD10650,5,120.00,Returned,"Credit Card",PROD104,CUST3996,REV20650,2022-08-30
ORD10651,3,899.00,Pending,"Credit Card",PROD101,CUST5500,REV20651,2024-02-17
ORD10652,1,999.00,Pending,"Cash on Delivery",PROD100,CUST4781,REV20652,2025-01-26
ORD10653,5,25.00,Shipped,"Cash on Delivery",PROD114,CUST1566,REV20653,2024-01-07
ORD10654,3,59.00,Delivered,"Credit Card",PROD111,CUST2959,REV20654,2023-07-25
ORD10655,2,399.00,Delivered,"Credit Card",PROD107,CUST2943,REV20655,2024-07-03
ORD10656,3,229.00,Delivered,"Cash on Delivery",PROD108,CUST5285,REV20656,2025-04-12
ORD10657,1,149.00,Shipped,PayPal,PROD113,CUST5619,REV20657,2024-11-14
ORD10658,4,120.00,Delivered,PayPal,PROD104,CUST2076,REV20658,2024-08-09
ORD10659,2,229.00,Delivered,PayPal,PROD108,CUST3663,REV20659,2022-12-22
ORD10660,1,59.00,Shipped,PayPal,PROD111,CUST2919,REV20660,2023-06-05
ORD10661,1,399.00,Shipped,"Cash on Delivery",PROD107,CUST4399,REV20661,2025-01-06
ORD10662,3,199.00,Pending,PayPal,PROD112,CUST5430,REV20662,2024-11-29
ORD10663,2,59.00,Shipped,"Cash on Delivery",PROD111,CUST3877,REV20663,2022-11-28
ORD10664,3,59.00,Shipped,"Credit Card",PROD103,CUST4868,REV20664,2023-11-18
ORD10665,4,80.00,Delivered,PayPal,PROD110,CUST1628,REV20665,2024-10-25
ORD10666,2,149.00,Shipped,"Credit Card",PROD113,CUST5497,REV20666,2023-01-31
ORD10667,2,110.00,Returned,PayPal,PROD105,CUST1988,REV20667,2024-06-05
ORD10668,2,399.00,Shipped,"Credit Card",PROD107,CUST4865,REV20668,2023-11-25
ORD10669,5,129.00,Cancelled,"Cash on Delivery",PROD109,CUST2822,REV20669,2023-12-10
ORD10670,1,99.00,Cancelled,"Credit Card",PROD106,CUST1580,REV20670,2023-01-06
ORD10671,2,399.00,Delivered,"Credit Card",PROD107,CUST5962,REV20671,2025-02-12
ORD10672,4,59.00,Cancelled,"Cash on Delivery",PROD111,CUST2527,REV20672,2022-11-11
ORD10673,1,80.00,Pending,"Cash on Delivery",PROD110,CUST3877,REV20673,2023-11-02
ORD10674,1,999.00,Pending,"Credit Card",PROD100,CUST3469,REV20674,2023-03-29
ORD10675,2,149.00,Shipped,"Cash on Delivery",PROD113,CUST5576,REV20675,2025-02-27
ORD10676,3,120.00,Shipped,PayPal,PROD104,CUST4385,REV20676,2023-06-23
ORD10677,4,120.00,Cancelled,"Credit Card",PROD104,CUST1499,REV20677,2025-02-21
ORD10678,3,199.00,Pending,"Cash on Delivery",PROD102,CUST3692,REV20678,2023-06-23
ORD10679,2,229.00,Shipped,PayPal,PROD108,CUST2913,REV20679,2025-05-31
ORD10680,1,99.00,Delivered,"Credit Card",PROD106,CUST3597,REV20680,2024-04-07
ORD10681,5,110.00,Delivered,PayPal,PROD105,CUST2381,REV20681,2024-05-31
ORD10682,5,110.00,Delivered,PayPal,PROD105,CUST2474,REV20682,2025-06-13
ORD10683,4,129.00,Shipped,PayPal,PROD109,CUST4517,REV20683,2025-03-16
ORD10684,2,129.00,Delivered,PayPal,PROD109,CUST3560,REV20684,2023-12-15
ORD10685,5,99.00,Cancelled,"Cash on Delivery",PROD106,CUST3858,REV20685,2023-05-26
ORD10686,3,59.00,Cancelled,"Cash on Delivery",PROD103,CUST5461,REV20686,2022-11-13
ORD10687,5,59.00,Returned,"Cash on Delivery",PROD111,CUST4955,REV20687,2025-07-13
ORD10688,4,229.00,Pending,"Cash on Delivery",PROD108,CUST1107,REV20688,2022-11-21
ORD10689,1,399.00,Cancelled,"Cash on Delivery",PROD107,CUST3150,REV20689,2023-12-17
ORD10690,1,149.00,Pending,PayPal,PROD113,CUST4905,REV20690,2025-04-02
ORD10691,4,199.00,Delivered,"Cash on Delivery",PROD112,CUST3304,REV20691,2024-05-16
ORD10692,2,25.00,Returned,"Cash on Delivery",PROD114,CUST4053,REV20692,2025-04-18
ORD10693,3,110.00,Shipped,"Cash on Delivery",PROD105,CUST2685,REV20693,2023-10-15
ORD10694,3,110.00,Shipped,PayPal,PROD105,CUST2999,REV20694,2025-05-26
ORD10695,4,129.00,Shipped,"Credit Card",PROD109,CUST3235,REV20695,2022-09-27
ORD10696,2,399.00,Shipped,"Credit Card",PROD107,CUST4764,REV20696,2022-11-22
ORD10697,1,899.00,Returned,"Cash on Delivery",PROD101,CUST5744,REV20697,2024-04-16
ORD10698,4,399.00,Returned,"Credit Card",PROD107,CUST1902,REV20698,2024-11-18
ORD10699,2,80.00,Cancelled,"Cash on Delivery",PROD110,CUST2226,REV20699,2023-10-23
ORD10700,2,59.00,Delivered,"Credit Card",PROD103,CUST2310,REV20700,2025-04-21
ORD10701,4,59.00,Returned,"Cash on Delivery",PROD103,CUST2605,REV20701,2025-02-16
ORD10702,2,149.00,Pending,"Cash on Delivery",PROD113,CUST3948,REV20702,2024-12-27
ORD10703,2,110.00,Pending,PayPal,PROD105,CUST4044,REV20703,2025-06-29
ORD10704,4,129.00,Returned,PayPal,PROD109,CUST3035,REV20704,2025-06-17
ORD10705,4,899.00,Cancelled,"Cash on Delivery",PROD101,CUST4826,REV20705,2023-07-23
ORD10706,5,80.00,Shipped,"Credit Card",PROD110,CUST1977,REV20706,2025-04-01
ORD10707,4,110.00,Pending,"Cash on Delivery",PROD105,CUST5818,REV20707,2025-04-26
ORD10708,5,199.00,Delivered,"Credit Card",PROD112,CUST4096,REV20708,2024-11-08
ORD10709,3,80.00,Delivered,"Credit Card",PROD110,CUST3379,REV20709,2024-03-20
ORD10710,3,199.00,Pending,"Credit Card",PROD112,CUST4892,REV20710,2022-12-26
ORD10711,5,229.00,Cancelled,"Cash on Delivery",PROD108,CUST4649,REV20711,2022-10-22
ORD10712,4,899.00,Returned,"Credit Card",PROD101,CUST5229,REV20712,2024-06-10
ORD10713,2,80.00,Shipped,PayPal,PROD110,CUST5172,REV20713,2022-11-07
ORD10714,4,120.00,Cancelled,"Credit Card",PROD104,CUST5721,REV20714,2023-05-17
ORD10715,5,129.00,Returned,"Cash on Delivery",PROD109,CUST2798,REV20715,2024-11-28
ORD10716,4,25.00,Returned,PayPal,PROD114,CUST5392,REV20716,2023-12-12
ORD10717,2,129.00,Delivered,"Cash on Delivery",PROD109,CUST2664,REV20717,2024-12-08
ORD10718,5,399.00,Shipped,"Cash on Delivery",PROD107,CUST5482,REV20718,2023-05-01
ORD10719,5,199.00,Pending,"Credit Card",PROD102,CUST5405,REV20719,2024-10-13
ORD10720,4,399.00,Shipped,"Credit Card",PROD107,CUST5945,REV20720,2023-05-01
ORD10721,1,25.00,Pending,PayPal,PROD114,CUST2695,REV20721,2024-10-24
ORD10722,3,129.00,Returned,"Cash on Delivery",PROD109,CUST3954,REV20722,2024-12-01
ORD10723,4,199.00,Delivered,"Credit Card",PROD112,CUST2577,REV20723,2025-05-24
ORD10724,4,999.00,Returned,PayPal,PROD100,CUST5064,REV20724,2024-11-18
ORD10725,2,59.00,Delivered,"Credit Card",PROD103,CUST1255,REV20725,2023-11-23
ORD10726,1,899.00,Returned,"Cash on Delivery",PROD101,CUST5777,REV20726,2025-08-10
ORD10727,4,199.00,Delivered,PayPal,PROD112,CUST1332,REV20727,2024-03-21
ORD10728,4,229.00,Pending,PayPal,PROD108,CUST4239,REV20728,2022-11-24
ORD10729,5,199.00,Delivered,"Credit Card",PROD102,CUST5981,REV20729,2023-02-13
ORD10730,1,149.00,Pending,"Credit Card",PROD113,CUST4309,REV20730,2025-04-14
ORD10731,4,229.00,Cancelled,"Cash on Delivery",PROD108,CUST5022,REV20731,2024-07-13
ORD10732,2,59.00,Pending,"Cash on Delivery",PROD103,CUST3307,REV20732,2024-01-03
ORD10733,4,80.00,Delivered,"Credit Card",PROD110,CUST2955,REV20733,2022-11-27
ORD10734,4,899.00,Pending,"Credit Card",PROD101,CUST4709,REV20734,2024-10-11
ORD10735,4,399.00,Delivered,PayPal,PROD107,CUST5279,REV20735,2023-04-04
ORD10736,2,59.00,Delivered,"Cash on Delivery",PROD103,CUST5825,REV20736,2024-03-23
ORD10737,2,80.00,Delivered,PayPal,PROD110,CUST1515,REV20737,2024-02-19
ORD10738,1,129.00,Returned,"Credit Card",PROD109,CUST4458,REV20738,2025-01-15
ORD10739,5,110.00,Shipped,"Credit Card",PROD105,CUST2134,REV20739,2024-12-24
ORD10740,2,999.00,Returned,"Credit Card",PROD100,CUST3982,REV20740,2023-09-30
ORD10741,4,25.00,Delivered,"Credit Card",PROD114,CUST4658,REV20741,2024-08-06
ORD10742,5,25.00,Shipped,"Cash on Delivery",PROD114,CUST2298,REV20742,2023-02-12
ORD10743,1,149.00,Cancelled,"Cash on Delivery",PROD113,CUST5561,REV20743,2023-08-31
ORD10744,2,199.00,Shipped,"Cash on Delivery",PROD102,CUST2983,REV20744,2023-10-08
ORD10745,2,80.00,Cancelled,"Credit Card",PROD110,CUST2294,REV20745,2022-11-09
ORD10746,2,149.00,Returned,"Credit Card",PROD113,CUST2532,REV20746,2025-02-02
ORD10747,5,120.00,Delivered,PayPal,PROD104,CUST5221,REV20747,2025-04-27
ORD10748,1,59.00,Pending,"Cash on Delivery",PROD111,CUST5661,REV20748,2025-02-19
ORD10749,1,80.00,Delivered,"Credit Card",PROD110,CUST2991,REV20749,2022-10-19
ORD10750,2,25.00,Pending,PayPal,PROD114,CUST2131,REV20750,2024-06-05
ORD10751,5,25.00,Pending,"Cash on Delivery",PROD114,CUST1863,REV20751,2023-12-01
ORD10752,3,99.00,Returned,"Cash on Delivery",PROD106,CUST4020,REV20752,2023-08-02
ORD10753,2,199.00,Delivered,"Credit Card",PROD112,CUST2826,REV20753,2023-07-06
ORD10754,5,999.00,Shipped,"Credit Card",PROD100,CUST3732,REV20754,2024-07-09
ORD10755,3,199.00,Pending,"Cash on Delivery",PROD102,CUST1724,REV20755,2022-09-18
ORD10756,2,199.00,Delivered,PayPal,PROD102,CUST3966,REV20756,2025-06-18
ORD10757,4,229.00,Shipped,"Cash on Delivery",PROD108,CUST3347,REV20757,2024-04-23
ORD10758,3,229.00,Pending,"Credit Card",PROD108,CUST5254,REV20758,2024-03-15
ORD10759,5,80.00,Shipped,PayPal,PROD110,CUST1348,REV20759,2024-06-14
ORD10760,2,25.00,Shipped,PayPal,PROD114,CUST5766,REV20760,2024-03-14
ORD10761,4,110.00,Shipped,"Credit Card",PROD105,CUST1708,REV20761,2024-05-29
ORD10762,3,129.00,Shipped,PayPal,PROD109,CUST2841,REV20762,2024-09-29
ORD10763,2,25.00,Pending,PayPal,PROD114,CUST2138,REV20763,2024-05-05
ORD10764,3,25.00,Cancelled,PayPal,PROD114,CUST4168,REV20764,2024-04-14
ORD10765,1,149.00,Pending,"Credit Card",PROD113,CUST1719,REV20765,2024-07-03
ORD10766,4,899.00,Pending,"Cash on Delivery",PROD101,CUST3346,REV20766,2023-11-06
ORD10767,5,129.00,Delivered,"Cash on Delivery",PROD109,CUST5195,REV20767,2024-10-14
ORD10768,3,120.00,Shipped,PayPal,PROD104,CUST2732,REV20768,2025-07-17
ORD10769,4,120.00,Shipped,"Cash on Delivery",PROD104,CUST5441,REV20769,2024-05-04
ORD10770,4,129.00,Cancelled,"Credit Card",PROD109,CUST1981,REV20770,2025-04-14
ORD10771,1,99.00,Cancelled,"Credit Card",PROD106,CUST1655,REV20771,2023-07-08
ORD10772,5,110.00,Returned,"Cash on Delivery",PROD105,CUST1951,REV20772,2025-05-07
ORD10773,2,59.00,Shipped,"Credit Card",PROD111,CUST4294,REV20773,2023-10-29
ORD10774,4,999.00,Returned,"Cash on Delivery",PROD100,CUST5494,REV20774,2023-12-31
ORD10775,3,199.00,Returned,"Cash on Delivery",PROD102,CUST5027,REV20775,2024-02-27
ORD10776,5,229.00,Shipped,PayPal,PROD108,CUST4851,REV20776,2025-07-31
ORD10777,3,129.00,Pending,"Credit Card",PROD109,CUST1297,REV20777,2025-03-10
ORD10778,2,199.00,Delivered,PayPal,PROD112,CUST4717,REV20778,2024-08-22
ORD10779,2,120.00,Delivered,"Cash on Delivery",PROD104,CUST4582,REV20779,2022-10-05
ORD10780,5,999.00,Returned,"Credit Card",PROD100,CUST5832,REV20780,2024-09-24
ORD10781,5,59.00,Shipped,"Credit Card",PROD111,CUST2111,REV20781,2024-05-19
ORD10782,2,399.00,Delivered,"Cash on Delivery",PROD107,CUST2413,REV20782,2023-01-07
ORD10783,4,999.00,Delivered,"Credit Card",PROD100,CUST1917,REV20783,2023-01-05
ORD10784,5,149.00,Delivered,"Cash on Delivery",PROD113,CUST2100,REV20784,2023-02-03
ORD10785,5,999.00,Cancelled,"Credit Card",PROD100,CUST5394,REV20785,2024-02-15
ORD10786,1,899.00,Delivered,PayPal,PROD101,CUST3574,REV20786,2025-06-22
ORD10787,4,149.00,Cancelled,"Credit Card",PROD113,CUST1310,REV20787,2022-10-30
ORD10788,5,999.00,Pending,"Cash on Delivery",PROD100,CUST1521,REV20788,2025-04-09
ORD10789,4,99.00,Delivered,"Cash on Delivery",PROD106,CUST2301,REV20789,2023-09-09
ORD10790,1,80.00,Delivered,"Cash on Delivery",PROD110,CUST4376,REV20790,2023-12-23
ORD10791,4,25.00,Returned,PayPal,PROD114,CUST2700,REV20791,2024-11-03
ORD10792,4,399.00,Shipped,PayPal,PROD107,CUST4127,REV20792,2024-04-09
ORD10793,3,120.00,Cancelled,"Cash on Delivery",PROD104,CUST4522,REV20793,2025-07-11
ORD10794,1,999.00,Shipped,"Credit Card",PROD100,CUST5065,REV20794,2024-08-23
ORD10795,2,99.00,Cancelled,PayPal,PROD106,CUST4930,REV20795,2023-11-30
ORD10796,1,120.00,Shipped,"Cash on Delivery",PROD104,CUST4066,REV20796,2023-02-10
ORD10797,2,999.00,Cancelled,"Credit Card",PROD100,CUST1103,REV20797,2023-10-21
ORD10798,4,59.00,Delivered,PayPal,PROD111,CUST4049,REV20798,2024-07-05
ORD10799,3,129.00,Shipped,"Credit Card",PROD109,CUST4174,REV20799,2023-04-21
ORD10800,5,120.00,Delivered,"Credit Card",PROD104,CUST5628,REV20800,2024-10-16
ORD10801,2,199.00,Shipped,PayPal,PROD112,CUST5987,REV20801,2022-11-11
ORD10802,3,110.00,Shipped,"Cash on Delivery",PROD105,CUST5056,REV20802,2024-02-25
ORD10803,2,59.00,Pending,"Cash on Delivery",PROD103,CUST2067,REV20803,2024-03-17
ORD10804,3,999.00,Returned,PayPal,PROD100,CUST1059,REV20804,2023-07-08
ORD10805,5,899.00,Cancelled,"Credit Card",PROD101,CUST5544,REV20805,2023-07-05
ORD10806,5,120.00,Pending,PayPal,PROD104,CUST3363,REV20806,2022-11-20
ORD10807,4,229.00,Delivered,PayPal,PROD108,CUST5578,REV20807,2023-01-16
ORD10808,4,999.00,Returned,PayPal,PROD100,CUST1765,REV20808,2024-11-15
ORD10809,3,129.00,Returned,"Credit Card",PROD109,CUST1605,REV20809,2024-11-13
ORD10810,2,229.00,Pending,"Cash on Delivery",PROD108,CUST3524,REV20810,2024-03-14
ORD10811,5,199.00,Returned,"Cash on Delivery",PROD112,CUST1982,REV20811,2023-08-11
ORD10812,4,110.00,Returned,PayPal,PROD105,CUST2693,REV20812,2024-01-08
ORD10813,1,110.00,Returned,"Credit Card",PROD105,CUST1317,REV20813,2024-05-20
ORD10814,1,110.00,Pending,"Cash on Delivery",PROD105,CUST5096,REV20814,2024-09-11
ORD10815,5,899.00,Returned,"Cash on Delivery",PROD101,CUST2305,REV20815,2022-09-13
ORD10816,2,99.00,Pending,"Credit Card",PROD106,CUST5274,REV20816,2024-01-12
ORD10817,5,99.00,Pending,"Credit Card",PROD106,CUST1023,REV20817,2024-04-19
ORD10818,5,199.00,Returned,"Cash on Delivery",PROD112,CUST1722,REV20818,2024-07-28
ORD10819,4,149.00,Shipped,PayPal,PROD113,CUST4746,REV20819,2025-03-20
ORD10820,5,149.00,Returned,"Cash on Delivery",PROD113,CUST1031,REV20820,2023-04-07
ORD10821,2,149.00,Delivered,"Cash on Delivery",PROD113,CUST3633,REV20821,2023-03-25
ORD10822,5,99.00,Shipped,PayPal,PROD106,CUST4786,REV20822,2023-09-14
ORD10823,5,99.00,Returned,PayPal,PROD106,CUST3229,REV20823,2023-02-23
ORD10824,3,899.00,Returned,PayPal,PROD101,CUST4456,REV20824,2024-08-11
ORD10825,1,120.00,Shipped,"Credit Card",PROD104,CUST4920,REV20825,2024-07-29
ORD10826,4,120.00,Returned,PayPal,PROD104,CUST3438,REV20826,2025-01-06
ORD10827,2,59.00,Delivered,PayPal,PROD103,CUST5441,REV20827,2024-10-29
ORD10828,2,229.00,Delivered,PayPal,PROD108,CUST5670,REV20828,2023-09-28
ORD10829,1,129.00,Delivered,"Cash on Delivery",PROD109,CUST1453,REV20829,2022-08-28
ORD10830,4,120.00,Pending,"Credit Card",PROD104,CUST2020,REV20830,2025-01-17
ORD10831,4,229.00,Pending,"Credit Card",PROD108,CUST2898,REV20831,2025-04-20
ORD10832,2,59.00,Cancelled,"Credit Card",PROD103,CUST1788,REV20832,2023-08-11
ORD10833,4,399.00,Pending,PayPal,PROD107,CUST4732,REV20833,2025-02-20
ORD10834,3,199.00,Pending,"Cash on Delivery",PROD102,CUST3140,REV20834,2023-04-05
ORD10835,2,899.00,Shipped,PayPal,PROD101,CUST4717,REV20835,2024-05-11
ORD10836,5,59.00,Cancelled,PayPal,PROD103,CUST5392,REV20836,2024-05-19
ORD10837,3,199.00,Cancelled,PayPal,PROD112,CUST5026,REV20837,2022-12-27
ORD10838,2,199.00,Shipped,"Cash on Delivery",PROD102,CUST3182,REV20838,2024-12-13
ORD10839,2,149.00,Pending,"Credit Card",PROD113,CUST4826,REV20839,2023-06-27
ORD10840,5,25.00,Delivered,"Credit Card",PROD114,CUST2114,REV20840,2022-12-28
ORD10841,4,899.00,Cancelled,"Cash on Delivery",PROD101,CUST5920,REV20841,2022-12-09
ORD10842,4,129.00,Cancelled,"Cash on Delivery",PROD109,CUST1294,REV20842,2023-07-27
ORD10843,1,229.00,Delivered,"Credit Card",PROD108,CUST5624,REV20843,2023-08-15
ORD10844,1,99.00,Pending,PayPal,PROD106,CUST2832,REV20844,2025-07-11
ORD10845,3,149.00,Cancelled,PayPal,PROD113,CUST2130,REV20845,2023-01-04
ORD10846,2,199.00,Returned,"Credit Card",PROD102,CUST5766,REV20846,2023-02-26
ORD10847,3,129.00,Pending,"Cash on Delivery",PROD109,CUST1958,REV20847,2024-02-18
ORD10848,5,129.00,Shipped,PayPal,PROD109,CUST3620,REV20848,2022-09-03
ORD10849,2,399.00,Returned,PayPal,PROD107,CUST3136,REV20849,2023-11-01
ORD10850,2,59.00,Cancelled,"Credit Card",PROD111,CUST1959,REV20850,2024-09-13
ORD10851,2,59.00,Shipped,"Credit Card",PROD111,CUST5211,REV20851,2023-05-15
ORD10852,2,25.00,Shipped,"Cash on Delivery",PROD114,CUST1756,REV20852,2023-11-13
ORD10853,4,229.00,Shipped,"Credit Card",PROD108,CUST3219,REV20853,2023-06-22
ORD10854,4,199.00,Delivered,PayPal,PROD102,CUST5507,REV20854,2024-09-02
ORD10855,2,59.00,Pending,PayPal,PROD111,CUST1952,REV20855,2023-03-31
ORD10856,4,899.00,Returned,PayPal,PROD101,CUST5187,REV20856,2024-06-11
ORD10857,1,899.00,Cancelled,"Cash on Delivery",PROD101,CUST2850,REV20857,2025-04-01
ORD10858,4,99.00,Pending,"Cash on Delivery",PROD106,CUST2948,REV20858,2024-08-03
ORD10859,2,199.00,Cancelled,"Cash on Delivery",PROD102,CUST1333,REV20859,2023-11-20
ORD10860,5,25.00,Returned,"Cash on Delivery",PROD114,CUST2244,REV20860,2025-02-06
ORD10861,4,120.00,Cancelled,"Cash on Delivery",PROD104,CUST5679,REV20861,2023-11-21
ORD10862,4,399.00,Delivered,PayPal,PROD107,CUST1800,REV20862,2023-02-01
ORD10863,2,229.00,Delivered,"Cash on Delivery",PROD108,CUST4492,REV20863,2023-08-06
ORD10864,4,110.00,Cancelled,"Credit Card",PROD105,CUST5637,REV20864,2024-07-10
ORD10865,3,129.00,Delivered,"Credit Card",PROD109,CUST2356,REV20865,2023-08-03
ORD10866,1,199.00,Pending,"Cash on Delivery",PROD102,CUST2099,REV20866,2023-02-13
ORD10867,2,229.00,Cancelled,"Cash on Delivery",PROD108,CUST2913,REV20867,2022-10-11
ORD10868,5,59.00,Delivered,PayPal,PROD111,CUST4191,REV20868,2024-03-05
ORD10869,5,199.00,Shipped,"Credit Card",PROD112,CUST2412,REV20869,2023-10-31
ORD10870,2,399.00,Pending,PayPal,PROD107,CUST3231,REV20870,2024-05-17
ORD10871,4,110.00,Shipped,"Cash on Delivery",PROD105,CUST3167,REV20871,2025-02-17
ORD10872,3,99.00,Delivered,PayPal,PROD106,CUST3967,REV20872,2023-08-08
ORD10873,2,129.00,Returned,"Cash on Delivery",PROD109,CUST3700,REV20873,2024-09-05
ORD10874,5,110.00,Pending,"Cash on Delivery",PROD105,CUST3683,REV20874,2025-03-18
ORD10875,4,399.00,Cancelled,PayPal,PROD107,CUST2693,REV20875,2025-04-24
ORD10876,1,399.00,Shipped,"Cash on Delivery",PROD107,CUST3598,REV20876,2024-05-30
ORD10877,1,229.00,Cancelled,"Cash on Delivery",PROD108,CUST2574,REV20877,2024-02-07
ORD10878,3,80.00,Shipped,PayPal,PROD110,CUST4793,REV20878,2024-06-16
ORD10879,5,59.00,Pending,PayPal,PROD103,CUST3134,REV20879,2024-09-30
ORD10880,2,129.00,Shipped,PayPal,PROD109,CUST1047,REV20880,2025-06-04
ORD10881,3,899.00,Pending,"Credit Card",PROD101,CUST5168,REV20881,2022-10-18
ORD10882,4,229.00,Pending,"Cash on Delivery",PROD108,CUST2982,REV20882,2022-09-13
ORD10883,3,59.00,Cancelled,"Cash on Delivery",PROD111,CUST2367,REV20883,2024-03-15
ORD10884,3,25.00,Cancelled,"Credit Card",PROD114,CUST5992,REV20884,2024-05-19
ORD10885,5,899.00,Shipped,"Cash on Delivery",PROD101,CUST2915,REV20885,2024-10-13
ORD10886,5,999.00,Cancelled,"Credit Card",PROD100,CUST4131,REV20886,2024-01-18
ORD10887,3,110.00,Returned,"Cash on Delivery",PROD105,CUST4828,REV20887,2023-10-16
ORD10888,2,999.00,Pending,PayPal,PROD100,CUST1837,REV20888,2022-11-11
ORD10889,4,110.00,Shipped,"Cash on Delivery",PROD105,CUST2263,REV20889,2022-12-04
ORD10890,4,199.00,Returned,PayPal,PROD102,CUST4987,REV20890,2025-06-01
ORD10891,1,229.00,Pending,"Cash on Delivery",PROD108,CUST2908,REV20891,2024-07-20
ORD10892,2,199.00,Cancelled,"Cash on Delivery",PROD112,CUST1454,REV20892,2025-05-01
ORD10893,1,199.00,Returned,PayPal,PROD112,CUST1483,REV20893,2025-08-15
ORD10894,1,120.00,Delivered,PayPal,PROD104,CUST5895,REV20894,2024-10-12
ORD10895,4,99.00,Pending,PayPal,PROD106,CUST5101,REV20895,2024-02-20
ORD10896,3,59.00,Pending,"Credit Card",PROD103,CUST3566,REV20896,2024-12-03
ORD10897,1,229.00,Delivered,PayPal,PROD108,CUST2173,REV20897,2023-01-18
ORD10898,5,229.00,Shipped,"Cash on Delivery",PROD108,CUST1086,REV20898,2023-04-25
ORD10899,3,149.00,Cancelled,"Credit Card",PROD113,CUST3888,REV20899,2024-04-25
ORD10900,5,899.00,Delivered,PayPal,PROD101,CUST4502,REV20900,2025-02-25
ORD10901,4,229.00,Cancelled,"Cash on Delivery",PROD108,CUST5987,REV20901,2023-02-06
ORD10902,2,149.00,Shipped,PayPal,PROD113,CUST2333,REV20902,2024-01-07
ORD10903,3,229.00,Pending,"Credit Card",PROD108,CUST5830,REV20903,2025-06-30
ORD10904,5,120.00,Pending,PayPal,PROD104,CUST4210,REV20904,2023-03-29
ORD10905,4,399.00,Pending,PayPal,PROD107,CUST2845,REV20905,2025-04-27
ORD10906,4,59.00,Cancelled,"Cash on Delivery",PROD103,CUST1704,REV20906,2022-12-16
ORD10907,3,899.00,Returned,PayPal,PROD101,CUST1335,REV20907,2023-07-27
ORD10908,2,149.00,Shipped,"Cash on Delivery",PROD113,CUST3173,REV20908,2024-10-18
ORD10909,1,399.00,Returned,PayPal,PROD107,CUST1223,REV20909,2025-05-31
ORD10910,3,199.00,Shipped,"Cash on Delivery",PROD102,CUST1052,REV20910,2023-09-21
ORD10911,3,59.00,Cancelled,"Cash on Delivery",PROD111,CUST1687,REV20911,2024-08-25
ORD10912,4,199.00,Shipped,"Credit Card",PROD102,CUST4978,REV20912,2025-02-04
ORD10913,1,229.00,Delivered,"Cash on Delivery",PROD108,CUST4850,REV20913,2022-11-16
ORD10914,1,199.00,Returned,PayPal,PROD112,CUST1491,REV20914,2025-03-17
ORD10915,1,129.00,Delivered,"Credit Card",PROD109,CUST1431,REV20915,2022-11-02
ORD10916,1,229.00,Shipped,"Cash on Delivery",PROD108,CUST2458,REV20916,2024-08-14
ORD10917,5,99.00,Cancelled,PayPal,PROD106,CUST1957,REV20917,2023-08-13
ORD10918,1,99.00,Cancelled,"Cash on Delivery",PROD106,CUST2140,REV20918,2023-02-05
ORD10919,1,129.00,Pending,PayPal,PROD109,CUST4881,REV20919,2023-01-11
ORD10920,1,129.00,Cancelled,"Cash on Delivery",PROD109,CUST2149,REV20920,2024-08-10
ORD10921,1,129.00,Delivered,"Cash on Delivery",PROD109,CUST1234,REV20921,2024-08-20
ORD10922,3,899.00,Shipped,"Cash on Delivery",PROD101,CUST1123,REV20922,2024-11-22
ORD10923,1,120.00,Delivered,PayPal,PROD104,CUST4931,REV20923,2024-10-21
ORD10924,5,120.00,Cancelled,"Cash on Delivery",PROD104,CUST5450,REV20924,2025-07-08
ORD10925,2,59.00,Delivered,PayPal,PROD103,CUST5087,REV20925,2023-10-22
ORD10926,2,229.00,Returned,"Cash on Delivery",PROD108,CUST5856,REV20926,2025-03-12
ORD10927,5,80.00,Shipped,"Credit Card",PROD110,CUST1764,REV20927,2025-08-03
ORD10928,4,110.00,Delivered,"Credit Card",PROD105,CUST3422,REV20928,2024-07-31
ORD10929,4,110.00,Returned,"Credit Card",PROD105,CUST3589,REV20929,2023-05-24
ORD10930,4,59.00,Returned,PayPal,PROD103,CUST5222,REV20930,2024-05-29
ORD10931,1,120.00,Returned,"Credit Card",PROD104,CUST3548,REV20931,2023-05-21
ORD10932,4,59.00,Returned,PayPal,PROD111,CUST2902,REV20932,2025-01-10
ORD10933,4,999.00,Shipped,"Credit Card",PROD100,CUST4410,REV20933,2024-11-30
ORD10934,2,110.00,Returned,"Cash on Delivery",PROD105,CUST2315,REV20934,2024-03-11
ORD10935,3,899.00,Returned,"Credit Card",PROD101,CUST5669,REV20935,2025-01-22
ORD10936,5,59.00,Pending,PayPal,PROD111,CUST3122,REV20936,2022-11-30
ORD10937,3,129.00,Delivered,"Credit Card",PROD109,CUST5422,REV20937,2025-03-24
ORD10938,2,999.00,Cancelled,"Credit Card",PROD100,CUST1473,REV20938,2022-09-15
ORD10939,5,120.00,Pending,PayPal,PROD104,CUST2596,REV20939,2022-11-06
ORD10940,1,120.00,Returned,"Credit Card",PROD104,CUST2324,REV20940,2022-10-05
ORD10941,5,899.00,Delivered,PayPal,PROD101,CUST1040,REV20941,2023-02-04
ORD10942,2,199.00,Returned,"Credit Card",PROD112,CUST4580,REV20942,2023-11-14
ORD10943,2,120.00,Cancelled,"Credit Card",PROD104,CUST2596,REV20943,2024-08-13
ORD10944,4,120.00,Delivered,PayPal,PROD104,CUST2656,REV20944,2024-10-18
ORD10945,3,899.00,Delivered,"Credit Card",PROD101,CUST3471,REV20945,2025-06-23
ORD10946,1,120.00,Returned,PayPal,PROD104,CUST5491,REV20946,2024-06-02
ORD10947,5,59.00,Cancelled,"Cash on Delivery",PROD103,CUST4909,REV20947,2024-07-22
ORD10948,3,99.00,Returned,PayPal,PROD106,CUST5548,REV20948,2022-10-20
ORD10949,3,899.00,Delivered,"Cash on Delivery",PROD101,CUST4995,REV20949,2024-09-09
ORD10950,1,199.00,Shipped,"Cash on Delivery",PROD112,CUST1957,REV20950,2024-08-18
ORD10951,5,199.00,Shipped,"Credit Card",PROD102,CUST4186,REV20951,2023-01-14
ORD10952,2,149.00,Pending,PayPal,PROD113,CUST1532,REV20952,2023-01-17
ORD10953,4,229.00,Pending,"Cash on Delivery",PROD108,CUST5948,REV20953,2023-05-11
ORD10954,2,999.00,Delivered,PayPal,PROD100,CUST3970,REV20954,2024-12-07
ORD10955,5,80.00,Shipped,PayPal,PROD110,CUST5736,REV20955,2023-11-21
ORD10956,5,149.00,Returned,"Cash on Delivery",PROD113,CUST4261,REV20956,2025-05-02
ORD10957,5,59.00,Pending,"Cash on Delivery",PROD111,CUST5128,REV20957,2022-09-24
ORD10958,5,149.00,Cancelled,"Credit Card",PROD113,CUST2050,REV20958,2023-02-01
ORD10959,4,149.00,Cancelled,PayPal,PROD113,CUST1400,REV20959,2025-07-04
ORD10960,5,59.00,Cancelled,"Cash on Delivery",PROD103,CUST4885,REV20960,2025-02-08
ORD10961,2,129.00,Shipped,PayPal,PROD109,CUST3946,REV20961,2023-06-07
ORD10962,3,110.00,Cancelled,"Cash on Delivery",PROD105,CUST5180,REV20962,2024-10-20
ORD10963,1,899.00,Delivered,"Cash on Delivery",PROD101,CUST1608,REV20963,2025-05-27
ORD10964,5,229.00,Shipped,"Credit Card",PROD108,CUST2923,REV20964,2024-02-11
ORD10965,5,120.00,Shipped,"Credit Card",PROD104,CUST5043,REV20965,2024-02-09
ORD10966,5,229.00,Shipped,PayPal,PROD108,CUST1108,REV20966,2025-04-19
ORD10967,1,399.00,Returned,"Credit Card",PROD107,CUST2715,REV20967,2023-10-13
ORD10968,2,199.00,Shipped,"Cash on Delivery",PROD102,CUST1439,REV20968,2023-10-05
ORD10969,3,149.00,Shipped,PayPal,PROD113,CUST4728,REV20969,2024-07-21
ORD10970,4,899.00,Pending,"Credit Card",PROD101,CUST4857,REV20970,2022-11-13
ORD10971,4,80.00,Delivered,PayPal,PROD110,CUST5982,REV20971,2024-07-06
ORD10972,3,199.00,Cancelled,"Credit Card",PROD102,CUST5979,REV20972,2024-06-10
ORD10973,4,80.00,Pending,"Cash on Delivery",PROD110,CUST3660,REV20973,2022-09-19
ORD10974,5,59.00,Pending,"Cash on Delivery",PROD103,CUST3873,REV20974,2022-11-15
ORD10975,4,229.00,Returned,"Credit Card",PROD108,CUST1117,REV20975,2022-09-23
ORD10976,5,149.00,Delivered,"Cash on Delivery",PROD113,CUST1209,REV20976,2023-09-21
ORD10977,1,399.00,Returned,PayPal,PROD107,CUST2974,REV20977,2023-07-27
ORD10978,1,999.00,Delivered,"Cash on Delivery",PROD100,CUST1400,REV20978,2023-05-24
ORD10979,4,199.00,Delivered,"Credit Card",PROD112,CUST4931,REV20979,2023-03-13
ORD10980,4,25.00,Delivered,PayPal,PROD114,CUST2133,REV20980,2024-09-16
ORD10981,5,110.00,Pending,"Credit Card",PROD105,CUST1543,REV20981,2023-09-22
ORD10982,5,899.00,Pending,"Cash on Delivery",PROD101,CUST1165,REV20982,2022-12-07
ORD10983,5,999.00,Shipped,"Cash on Delivery",PROD100,CUST2341,REV20983,2023-10-04
ORD10984,1,149.00,Delivered,"Credit Card",PROD113,CUST4121,REV20984,2023-12-15
ORD10985,5,59.00,Cancelled,PayPal,PROD103,CUST3926,REV20985,2022-11-22
ORD10986,5,199.00,Delivered,"Credit Card",PROD102,CUST5739,REV20986,2023-01-15
ORD10987,4,199.00,Shipped,"Credit Card",PROD112,CUST4507,REV20987,2024-03-28
ORD10988,3,110.00,Pending,"Credit Card",PROD105,CUST5821,REV20988,2025-06-13
ORD10989,1,399.00,Pending,"Credit Card",PROD107,CUST4445,REV20989,2024-08-24
ORD10990,5,110.00,Delivered,PayPal,PROD105,CUST4041,REV20990,2023-08-13
ORD10991,1,149.00,Returned,PayPal,PROD113,CUST4091,REV20991,2024-11-03
ORD10992,2,229.00,Pending,"Cash on Delivery",PROD108,CUST4905,REV20992,2023-03-12
ORD10993,4,149.00,Cancelled,PayPal,PROD113,CUST4284,REV20993,2025-05-04
ORD10994,3,59.00,Delivered,"Credit Card",PROD111,CUST4052,REV20994,2024-11-15
ORD10995,1,399.00,Pending,"Credit Card",PROD107,CUST2033,REV20995,2025-02-10
ORD10996,4,149.00,Cancelled,"Cash on Delivery",PROD113,CUST2812,REV20996,2024-10-20
ORD10997,2,149.00,Returned,"Credit Card",PROD113,CUST2694,REV20997,2023-09-23
ORD10998,3,59.00,Returned,"Credit Card",PROD111,CUST2413,REV20998,2025-05-06
ORD10999,3,59.00,Shipped,"Cash on Delivery",PROD103,CUST1215,REV20999,2025-02-05
